<?xml version = '1.0' encoding = 'UTF-8'?>
<relationalModel class="oracle.dbtools.crest.model.design.relational.RelationalDesign" name="Modelo_Relacional_Estructura_Precios" id="C84BA39B-171F-E22F-429D-B3696390332E" mainViewID="927CC00C-BE2E-280E-832C-EBFB187A4532">
<createdBy>Usuario</createdBy>
<createdTime>2025-01-19 00:26:32 UTC</createdTime>
<ownerDesignName>EstructuraPrecios</ownerDesignName>
<shouldBeOpen>false</shouldBeOpen>
<selectedRDBMSSite>32076570-2523-435C-2E92-BF29817DFF70</selectedRDBMSSite>
</relationalModel>