<?xml version = '1.0' encoding = 'UTF-8'?>
<Relation class="oracle.dbtools.crest.model.design.logical.Relation" name="Relacion_Sala_Capacidad" directorySegmentName="seg_0" id="41A3DF03-0872-18C6-9144-B60EDA64B47A">
<createdBy>Usuario</createdBy>
<createdTime>2025-01-17 22:26:21 UTC</createdTime>
<ownerDesignName>EstructuraPrecios</ownerDesignName>
<engineerTo>
<item key="C84BA39B-171F-E22F-429D-B3696390332E" value="true"/>
</engineerTo>
<sourcePk>59427F67-243F-DDFB-404E-9E7D89BDB18B</sourcePk>
<identifying>false</identifying>
<optionalSource>true</optionalSource>
<optionalTarget>false</optionalTarget>
<sourceCardinality>1</sourceCardinality>
<sourceEntity>8C2D3561-EE1E-403B-5DC0-D971705952F3</sourceEntity>
<targetCardinalityString>*</targetCardinalityString>
<targetEntity>34E614FC-C0DE-BBDF-D348-3914A5F1C96E</targetEntity>
<transferable>true</transferable>
<deleteRule>CASCADE</deleteRule>
</Relation>