<?xml version = '1.0' encoding = 'UTF-8'?>
<Relation class="oracle.dbtools.crest.model.design.logical.Relation" name="Relacion_Factor_FactorCompra" directorySegmentName="seg_0" id="5351D7FF-771E-9FB7-E494-96BD7768DAA5">
<createdBy>Usuario</createdBy>
<createdTime>2025-01-17 20:28:28 UTC</createdTime>
<ownerDesignName>EstructuraPrecios</ownerDesignName>
<engineerTo>
<item key="C84BA39B-171F-E22F-429D-B3696390332E" value="true"/>
</engineerTo>
<sourcePk>C88F2393-5575-2370-DAAB-59F3B2DBCB8F</sourcePk>
<identifying>false</identifying>
<optionalSource>true</optionalSource>
<optionalTarget>false</optionalTarget>
<sourceCardinality>1</sourceCardinality>
<sourceEntity>37AB6F7B-AC55-EC9A-D077-22AC8278D283</sourceEntity>
<targetCardinalityString>*</targetCardinalityString>
<targetEntity>75FA4F94-92EA-972D-A6B8-2B21CB75F265</targetEntity>
<transferable>true</transferable>
<deleteRule>CASCADE</deleteRule>
</Relation>