<?xml version = '1.0' encoding = 'UTF-8'?>
<Relation class="oracle.dbtools.crest.model.design.logical.Relation" name="Relacion_Modelo_Ventas" directorySegmentName="seg_0" id="58392BBD-AE26-A0B3-FB81-F7E511283F6E">
<createdBy>Usuario</createdBy>
<createdTime>2025-01-17 16:40:48 UTC</createdTime>
<ownerDesignName>EstructuraPrecios</ownerDesignName>
<engineerTo>
<item key="C84BA39B-171F-E22F-429D-B3696390332E" value="true"/>
</engineerTo>
<sourcePk>2BD1B4F9-12ED-E8C5-2CD5-3680228225F0</sourcePk>
<identifying>false</identifying>
<optionalSource>true</optionalSource>
<optionalTarget>false</optionalTarget>
<sourceCardinality>1</sourceCardinality>
<sourceEntity>C24C6010-A7E3-39E4-8A20-0CC08BE0E4AB</sourceEntity>
<targetCardinalityString>*</targetCardinalityString>
<targetEntity>613E4B88-C611-6398-FE8F-300ABF89C646</targetEntity>
<transferable>true</transferable>
<deleteRule>CASCADE</deleteRule>
</Relation>