<?xml version = '1.0' encoding = 'UTF-8'?>
<Relation class="oracle.dbtools.crest.model.design.logical.Relation" name="Relacion_TipoEntrada_Ventas" directorySegmentName="seg_0" id="69F48F42-9516-9224-628A-277145748A86">
<createdBy>Usuario</createdBy>
<createdTime>2025-01-17 16:40:28 UTC</createdTime>
<ownerDesignName>EstructuraPrecios</ownerDesignName>
<engineerTo>
<item key="C84BA39B-171F-E22F-429D-B3696390332E" value="true"/>
</engineerTo>
<sourcePk>14034219-1624-2588-CE39-75FCE8141841</sourcePk>
<identifying>false</identifying>
<optionalSource>true</optionalSource>
<optionalTarget>false</optionalTarget>
<sourceCardinality>1</sourceCardinality>
<sourceEntity>6803FCD3-E3F7-4366-A032-B74A20940F01</sourceEntity>
<targetCardinalityString>*</targetCardinalityString>
<targetEntity>613E4B88-C611-6398-FE8F-300ABF89C646</targetEntity>
<transferable>true</transferable>
<deleteRule>CASCADE</deleteRule>
</Relation>