<?xml version = '1.0' encoding = 'UTF-8'?>
<Relation class="oracle.dbtools.crest.model.design.logical.Relation" name="Relacion_Factor_Ventas" directorySegmentName="seg_0" id="7F804462-71B0-55C2-41BB-A5744490638D">
<createdBy>Usuario</createdBy>
<createdTime>2025-01-17 16:39:53 UTC</createdTime>
<ownerDesignName>EstructuraPrecios</ownerDesignName>
<engineerTo>
<item key="C84BA39B-171F-E22F-429D-B3696390332E" value="true"/>
</engineerTo>
<sourcePk>CB469957-D699-90D3-5650-7E941EE6E734</sourcePk>
<identifying>false</identifying>
<optionalSource>true</optionalSource>
<optionalTarget>false</optionalTarget>
<sourceCardinality>1</sourceCardinality>
<sourceEntity>75FA4F94-92EA-972D-A6B8-2B21CB75F265</sourceEntity>
<targetCardinalityString>*</targetCardinalityString>
<targetEntity>613E4B88-C611-6398-FE8F-300ABF89C646</targetEntity>
<transferable>true</transferable>
<deleteRule>CASCADE</deleteRule>
</Relation>