<?xml version = '1.0' encoding = 'UTF-8'?>
<Relation class="oracle.dbtools.crest.model.design.logical.Relation" name="Relacion_FuncionDia_Capacidad" directorySegmentName="seg_0" id="8D361C7C-FC98-0FF0-A05B-444ED76A1477">
<createdBy>Usuario</createdBy>
<createdTime>2025-01-17 21:10:36 UTC</createdTime>
<ownerDesignName>EstructuraPrecios</ownerDesignName>
<engineerTo>
<item key="C84BA39B-171F-E22F-429D-B3696390332E" value="true"/>
</engineerTo>
<sourcePk>1BA02921-5BF6-82F3-D32F-53B4DF7F4655</sourcePk>
<identifying>false</identifying>
<optionalSource>true</optionalSource>
<optionalTarget>false</optionalTarget>
<sourceCardinality>1</sourceCardinality>
<sourceEntity>6493063E-4F2E-B2AE-535D-A239A0877A82</sourceEntity>
<targetCardinalityString>*</targetCardinalityString>
<targetEntity>34E614FC-C0DE-BBDF-D348-3914A5F1C96E</targetEntity>
<transferable>true</transferable>
<deleteRule>CASCADE</deleteRule>
</Relation>