<?xml version = '1.0' encoding = 'UTF-8'?>
<Relation class="oracle.dbtools.crest.model.design.logical.Relation" name="Relacion_Capacidad_Ventas" directorySegmentName="seg_0" id="A5ED9040-DC8D-0246-7944-72AD30D68886">
<createdBy>Usuario</createdBy>
<createdTime>2025-01-17 16:39:23 UTC</createdTime>
<ownerDesignName>EstructuraPrecios</ownerDesignName>
<engineerTo>
<item key="C84BA39B-171F-E22F-429D-B3696390332E" value="true"/>
</engineerTo>
<sourcePk>4B9170BE-432B-C146-FCAE-0934226A0BCD</sourcePk>
<identifying>false</identifying>
<optionalSource>true</optionalSource>
<optionalTarget>false</optionalTarget>
<sourceCardinality>1</sourceCardinality>
<sourceEntity>34E614FC-C0DE-BBDF-D348-3914A5F1C96E</sourceEntity>
<targetCardinalityString>*</targetCardinalityString>
<targetEntity>613E4B88-C611-6398-FE8F-300ABF89C646</targetEntity>
<transferable>true</transferable>
<deleteRule>CASCADE</deleteRule>
</Relation>