<?xml version = '1.0' encoding = 'UTF-8'?>
<Relation class="oracle.dbtools.crest.model.design.logical.Relation" name="Relacion_CategoriaCliente_Ventas" directorySegmentName="seg_0" id="B279DC3E-1E82-AF6D-9061-9B994BF1F932">
<createdBy>Usuario</createdBy>
<createdTime>2025-01-17 16:41:12 UTC</createdTime>
<ownerDesignName>EstructuraPrecios</ownerDesignName>
<engineerTo>
<item key="C84BA39B-171F-E22F-429D-B3696390332E" value="true"/>
</engineerTo>
<sourcePk>04FEB680-0896-810F-0EBE-F7F5EA9946A1</sourcePk>
<identifying>false</identifying>
<optionalSource>true</optionalSource>
<optionalTarget>false</optionalTarget>
<sourceCardinality>1</sourceCardinality>
<sourceEntity>AFA9CFA7-967E-8688-5850-F004CB6876ED</sourceEntity>
<targetCardinalityString>*</targetCardinalityString>
<targetEntity>613E4B88-C611-6398-FE8F-300ABF89C646</targetEntity>
<transferable>true</transferable>
<deleteRule>CASCADE</deleteRule>
</Relation>