<?xml version = '1.0' encoding = 'UTF-8'?>
<Relation class="oracle.dbtools.crest.model.design.logical.Relation" name="Relacion_Empresa_CapacidadEmpresa" directorySegmentName="seg_0" id="D825EDCD-B0C8-6352-79A2-8177FA8FAD41">
<createdBy>Usuario</createdBy>
<createdTime>2025-01-17 21:12:59 UTC</createdTime>
<ownerDesignName>EstructuraPrecios</ownerDesignName>
<engineerTo>
<item key="C84BA39B-171F-E22F-429D-B3696390332E" value="true"/>
</engineerTo>
<sourcePk>4B3A2713-0A9A-5FE0-3626-5052D881EB43</sourcePk>
<identifying>false</identifying>
<optionalSource>true</optionalSource>
<optionalTarget>false</optionalTarget>
<sourceCardinality>1</sourceCardinality>
<sourceEntity>DE1A239E-ACB0-CBFC-AF18-18699AAA858E</sourceEntity>
<targetCardinalityString>1</targetCardinalityString>
<targetEntity>CC09D53D-0286-E9DD-4C97-486C526932A2</targetEntity>
<transferable>true</transferable>
<deleteRule>CASCADE</deleteRule>
</Relation>