<?xml version = '1.0' encoding = 'UTF-8'?>
<Relation class="oracle.dbtools.crest.model.design.logical.Relation" name="Relacion_Funcion_Ventas" directorySegmentName="seg_0" id="DAAE7328-2BC2-B754-36FF-91B6904753F5">
<createdBy>Usuario</createdBy>
<createdTime>2025-01-17 16:36:19 UTC</createdTime>
<ownerDesignName>EstructuraPrecios</ownerDesignName>
<engineerTo>
<item key="C84BA39B-171F-E22F-429D-B3696390332E" value="true"/>
</engineerTo>
<sourcePk>22602970-3C1F-E911-EBB0-5E3985E76C19</sourcePk>
<targetPk>11A77D56-F32B-E2BD-9FE6-AC030476668B</targetPk>
<identifying>false</identifying>
<optionalSource>true</optionalSource>
<optionalTarget>false</optionalTarget>
<sourceCardinality>1</sourceCardinality>
<sourceEntity>302117B3-942E-957B-0FBD-6C700E240C16</sourceEntity>
<targetCardinalityString>*</targetCardinalityString>
<targetEntity>613E4B88-C611-6398-FE8F-300ABF89C646</targetEntity>
<transferable>true</transferable>
<deleteRule>CASCADE</deleteRule>
</Relation>