<?xml version = '1.0' encoding = 'UTF-8'?>
<Relation class="oracle.dbtools.crest.model.design.logical.Relation" name="Relacion_Capacidad_Sala_Sala" directorySegmentName="seg_0" id="E26FBC3A-3DD5-2110-3ADD-AF2D1FC2B608">
<createdBy>Usuario</createdBy>
<createdTime>2025-01-17 22:25:57 UTC</createdTime>
<ownerDesignName>EstructuraPrecios</ownerDesignName>
<engineerTo>
<item key="C84BA39B-171F-E22F-429D-B3696390332E" value="true"/>
</engineerTo>
<sourcePk>D5AD2AC2-50C9-DED6-EE0C-969A4601CE9C</sourcePk>
<identifying>false</identifying>
<optionalSource>true</optionalSource>
<optionalTarget>false</optionalTarget>
<sourceCardinality>1</sourceCardinality>
<sourceEntity>CC09D53D-0286-E9DD-4C97-486C526932A2</sourceEntity>
<targetCardinalityString>*</targetCardinalityString>
<targetEntity>8C2D3561-EE1E-403B-5DC0-D971705952F3</targetEntity>
<transferable>true</transferable>
<deleteRule>CASCADE</deleteRule>
</Relation>