<?xml version = '1.0' encoding = 'UTF-8'?>
<Diagram class="oracle.dbtools.crest.swingui.logical.DPVLogical" name="Logical" id="5D581DC6-B6D2-50A0-347C-666D6C523079">
<createdBy>Usuario</createdBy>
<modifiedBy>Usuario</modifiedBy>
<createdTime>2025-01-17 15:36:42 UTC</createdTime>
<autoRoute>false</autoRoute>
<boxInbox>true</boxInbox>
<showLegend>false</showLegend>
<showLabels>false</showLabels>
<showRelAttributes>false</showRelAttributes>
<gridEnabled>false</gridEnabled>
<showGrid>false</showGrid>
<diagramColor>-1</diagramColor>
<display>false</display>
<notation>1</notation>
<objectViews>
<OView class="oracle.dbtools.crest.swingui.logical.TVEntity" oid="302117B3-942E-957B-0FBD-6C700E240C16" otype="Entity" vid="35EBF44F-F322-28D4-3ACB-715FCFA6E334">
<hideElementsInCurrentOnly>false</hideElementsInCurrentOnly>
<bounds x="140" y="452" width="170" height="74"/>
</OView>
<OView class="oracle.dbtools.crest.swingui.logical.TVEntity" oid="34E614FC-C0DE-BBDF-D348-3914A5F1C96E" otype="Entity" vid="5B96AEE0-6F7F-63E8-4940-8470B9E0B832">
<hideElementsInCurrentOnly>false</hideElementsInCurrentOnly>
<bounds x="787" y="385" width="164" height="100"/>
</OView>
<OView class="oracle.dbtools.crest.swingui.logical.TVEntity" oid="37AB6F7B-AC55-EC9A-D077-22AC8278D283" otype="Entity" vid="707DF09A-43F5-70EB-3029-28BFBDE789E7">
<hideElementsInCurrentOnly>false</hideElementsInCurrentOnly>
<bounds x="1046" y="260" width="170" height="74"/>
</OView>
<OView class="oracle.dbtools.crest.swingui.logical.TVEntity" oid="613E4B88-C611-6398-FE8F-300ABF89C646" otype="Entity" vid="4A70EE56-34A0-5387-71AB-DF65AAB8D1F0">
<hideElementsInCurrentOnly>false</hideElementsInCurrentOnly>
<bounds x="494" y="290" width="170" height="127"/>
</OView>
<OView class="oracle.dbtools.crest.swingui.logical.TVEntity" oid="6493063E-4F2E-B2AE-535D-A239A0877A82" otype="Entity" vid="091EEB1A-2704-368E-E4E4-E41AE0F4DEDD">
<hideElementsInCurrentOnly>false</hideElementsInCurrentOnly>
<bounds x="1020" y="376" width="170" height="68"/>
</OView>
<OView class="oracle.dbtools.crest.swingui.logical.TVEntity" oid="6803FCD3-E3F7-4366-A032-B74A20940F01" otype="Entity" vid="427519EE-E77A-5969-BF66-730EA9573F46">
<hideElementsInCurrentOnly>false</hideElementsInCurrentOnly>
<bounds x="125" y="288" width="170" height="69"/>
</OView>
<OView class="oracle.dbtools.crest.swingui.logical.TVEntity" oid="75FA4F94-92EA-972D-A6B8-2B21CB75F265" otype="Entity" vid="7A59D2B9-1B55-432C-7816-F37A99EBD368">
<hideElementsInCurrentOnly>false</hideElementsInCurrentOnly>
<bounds x="807" y="262" width="170" height="67"/>
</OView>
<OView class="oracle.dbtools.crest.swingui.logical.TVEntity" oid="8C2D3561-EE1E-403B-5DC0-D971705952F3" otype="Entity" vid="603EF25C-2D42-3AE6-346A-8C68D6865DFD">
<hideElementsInCurrentOnly>false</hideElementsInCurrentOnly>
<bounds x="760" y="530" width="170" height="81"/>
</OView>
<OView class="oracle.dbtools.crest.swingui.logical.TVEntity" oid="AFA9CFA7-967E-8688-5850-F004CB6876ED" otype="Entity" vid="0810A51A-0D88-1BC5-C736-5D890AEDEE5E">
<hideElementsInCurrentOnly>false</hideElementsInCurrentOnly>
<bounds x="497" y="144" width="170" height="73"/>
</OView>
<OView class="oracle.dbtools.crest.swingui.logical.TVEntity" oid="C24C6010-A7E3-39E4-8A20-0CC08BE0E4AB" otype="Entity" vid="54ADD743-ACED-6C49-7BC6-0111706F1F26">
<hideElementsInCurrentOnly>false</hideElementsInCurrentOnly>
<bounds x="805" y="134" width="170" height="61"/>
</OView>
<OView class="oracle.dbtools.crest.swingui.logical.TVEntity" oid="CC09D53D-0286-E9DD-4C97-486C526932A2" otype="Entity" vid="4FB7A814-1242-B170-0BEC-DD30A673FA9B">
<hideElementsInCurrentOnly>false</hideElementsInCurrentOnly>
<bounds x="535" y="531" width="170" height="77"/>
</OView>
<OView class="oracle.dbtools.crest.swingui.logical.TVEntity" oid="DE1A239E-ACB0-CBFC-AF18-18699AAA858E" otype="Entity" vid="21177A61-78E0-84A1-27EE-C390D520ED15">
<hideElementsInCurrentOnly>false</hideElementsInCurrentOnly>
<bounds x="299" y="544" width="170" height="75"/>
</OView>
<OView class="oracle.dbtools.crest.swingui.logical.TVEntity" oid="DE528792-27CA-0F93-94F6-762577C97A8B" otype="Entity" vid="BC606D0C-D030-56E1-3C73-675931E7AE77">
<hideElementsInCurrentOnly>false</hideElementsInCurrentOnly>
<bounds x="239" y="136" width="170" height="75"/>
</OView>
</objectViews>
<connectors>
<Connector class="oracle.dbtools.crest.swingui.logical.TVRelation" oid="41A3DF03-0872-18C6-9144-B60EDA64B47A" otype="Relation" vid_source="603EF25C-2D42-3AE6-346A-8C68D6865DFD" vid_target="5B96AEE0-6F7F-63E8-4940-8470B9E0B832">
<hideElementsInCurrentOnly>false</hideElementsInCurrentOnly>
<backgroundColor>-16777216</backgroundColor>
<lineWidth>1</lineWidth>
<points>
<point x="873" y="530"/>
<point x="873" y="485"/>
</points>
</Connector>
<Connector class="oracle.dbtools.crest.swingui.logical.TVRelation" oid="5351D7FF-771E-9FB7-E494-96BD7768DAA5" otype="Relation" vid_source="707DF09A-43F5-70EB-3029-28BFBDE789E7" vid_target="7A59D2B9-1B55-432C-7816-F37A99EBD368">
<hideElementsInCurrentOnly>false</hideElementsInCurrentOnly>
<backgroundColor>-16777216</backgroundColor>
<lineWidth>1</lineWidth>
<points>
<point x="1046" y="295"/>
<point x="977" y="295"/>
</points>
</Connector>
<Connector class="oracle.dbtools.crest.swingui.logical.TVRelation" oid="58392BBD-AE26-A0B3-FB81-F7E511283F6E" otype="Relation" vid_source="54ADD743-ACED-6C49-7BC6-0111706F1F26" vid_target="4A70EE56-34A0-5387-71AB-DF65AAB8D1F0">
<hideElementsInCurrentOnly>false</hideElementsInCurrentOnly>
<backgroundColor>-16777216</backgroundColor>
<lineWidth>1</lineWidth>
<points>
<point x="839" y="195"/>
<point x="664" y="301"/>
</points>
</Connector>
<Connector class="oracle.dbtools.crest.swingui.logical.TVRelation" oid="69F48F42-9516-9224-628A-277145748A86" otype="Relation" vid_source="427519EE-E77A-5969-BF66-730EA9573F46" vid_target="4A70EE56-34A0-5387-71AB-DF65AAB8D1F0">
<hideElementsInCurrentOnly>false</hideElementsInCurrentOnly>
<backgroundColor>-16777216</backgroundColor>
<lineWidth>1</lineWidth>
<points>
<point x="295" y="323"/>
<point x="494" y="323"/>
</points>
</Connector>
<Connector class="oracle.dbtools.crest.swingui.logical.TVRelation" oid="7F804462-71B0-55C2-41BB-A5744490638D" otype="Relation" vid_source="7A59D2B9-1B55-432C-7816-F37A99EBD368" vid_target="4A70EE56-34A0-5387-71AB-DF65AAB8D1F0">
<hideElementsInCurrentOnly>false</hideElementsInCurrentOnly>
<backgroundColor>-16777216</backgroundColor>
<lineWidth>1</lineWidth>
<points>
<point x="807" y="324"/>
<point x="664" y="324"/>
</points>
</Connector>
<Connector class="oracle.dbtools.crest.swingui.logical.TVRelation" oid="822C73D1-89F4-5016-87B3-F93D3B0EC7E7" otype="Relation" vid_source="BC606D0C-D030-56E1-3C73-675931E7AE77" vid_target="4A70EE56-34A0-5387-71AB-DF65AAB8D1F0">
<hideElementsInCurrentOnly>false</hideElementsInCurrentOnly>
<backgroundColor>-16777216</backgroundColor>
<lineWidth>1</lineWidth>
<points>
<point x="377" y="211"/>
<point x="494" y="293"/>
</points>
</Connector>
<Connector class="oracle.dbtools.crest.swingui.logical.TVRelation" oid="8D361C7C-FC98-0FF0-A05B-444ED76A1477" otype="Relation" vid_source="091EEB1A-2704-368E-E4E4-E41AE0F4DEDD" vid_target="5B96AEE0-6F7F-63E8-4940-8470B9E0B832">
<hideElementsInCurrentOnly>false</hideElementsInCurrentOnly>
<backgroundColor>-16777216</backgroundColor>
<lineWidth>1</lineWidth>
<points>
<point x="1020" y="414"/>
<point x="951" y="414"/>
</points>
</Connector>
<Connector class="oracle.dbtools.crest.swingui.logical.TVRelation" oid="A5ED9040-DC8D-0246-7944-72AD30D68886" otype="Relation" vid_source="5B96AEE0-6F7F-63E8-4940-8470B9E0B832" vid_target="4A70EE56-34A0-5387-71AB-DF65AAB8D1F0">
<hideElementsInCurrentOnly>false</hideElementsInCurrentOnly>
<backgroundColor>-16777216</backgroundColor>
<lineWidth>1</lineWidth>
<points>
<point x="787" y="401"/>
<point x="664" y="401"/>
</points>
</Connector>
<Connector class="oracle.dbtools.crest.swingui.logical.TVRelation" oid="B279DC3E-1E82-AF6D-9061-9B994BF1F932" otype="Relation" vid_source="0810A51A-0D88-1BC5-C736-5D890AEDEE5E" vid_target="4A70EE56-34A0-5387-71AB-DF65AAB8D1F0">
<hideElementsInCurrentOnly>false</hideElementsInCurrentOnly>
<backgroundColor>-16777216</backgroundColor>
<lineWidth>1</lineWidth>
<points>
<point x="580" y="217"/>
<point x="580" y="290"/>
</points>
</Connector>
<Connector class="oracle.dbtools.crest.swingui.logical.TVRelation" oid="D825EDCD-B0C8-6352-79A2-8177FA8FAD41" otype="Relation" vid_source="21177A61-78E0-84A1-27EE-C390D520ED15" vid_target="4FB7A814-1242-B170-0BEC-DD30A673FA9B">
<hideElementsInCurrentOnly>false</hideElementsInCurrentOnly>
<backgroundColor>-16777216</backgroundColor>
<lineWidth>1</lineWidth>
<points>
<point x="469" y="576"/>
<point x="535" y="576"/>
</points>
</Connector>
<Connector class="oracle.dbtools.crest.swingui.logical.TVRelation" oid="DAAE7328-2BC2-B754-36FF-91B6904753F5" otype="Relation" vid_source="35EBF44F-F322-28D4-3ACB-715FCFA6E334" vid_target="4A70EE56-34A0-5387-71AB-DF65AAB8D1F0">
<hideElementsInCurrentOnly>false</hideElementsInCurrentOnly>
<backgroundColor>-16777216</backgroundColor>
<lineWidth>1</lineWidth>
<points>
<point x="310" y="456"/>
<point x="494" y="386"/>
</points>
</Connector>
<Connector class="oracle.dbtools.crest.swingui.logical.TVRelation" oid="E26FBC3A-3DD5-2110-3ADD-AF2D1FC2B608" otype="Relation" vid_source="4FB7A814-1242-B170-0BEC-DD30A673FA9B" vid_target="603EF25C-2D42-3AE6-346A-8C68D6865DFD">
<hideElementsInCurrentOnly>false</hideElementsInCurrentOnly>
<backgroundColor>-16777216</backgroundColor>
<lineWidth>1</lineWidth>
<points>
<point x="705" y="569"/>
<point x="760" y="569"/>
</points>
</Connector>
</connectors>
</Diagram>