<?xml version = '1.0' encoding = 'UTF-8'?>
<Diagram class="oracle.dbtools.crest.swingui.relational.DPVRelational" name="Modelo_Relacional_Estructura_Precios" id="927CC00C-BE2E-280E-832C-EBFB187A4532">
<createdBy>Usuario</createdBy>
<modifiedBy>Usuario</modifiedBy>
<createdTime>2025-01-19 00:26:32 UTC</createdTime>
<autoRoute>false</autoRoute>
<boxInbox>true</boxInbox>
<showLegend>false</showLegend>
<showLabels>false</showLabels>
<showRelAttributes>false</showRelAttributes>
<gridEnabled>false</gridEnabled>
<showGrid>false</showGrid>
<diagramColor>-1</diagramColor>
<display>false</display>
<notation>1</notation>
<objectViews>
<OView class="oracle.dbtools.crest.swingui.relational.TVTable" oid="2598F284-B848-C08D-30D3-712611895721" otype="Table" vid="C82F876A-84FA-F389-2DB7-540DF4BF4379">
<hideElementsInCurrentOnly>false</hideElementsInCurrentOnly>
<bounds x="373" y="290" width="496" height="368"/>
</OView>
<OView class="oracle.dbtools.crest.swingui.relational.TVTable" oid="27E80757-3A6C-CCF7-3B20-20E6C402C61C" otype="Table" vid="20385163-CF97-3652-163B-CA96F05C1F61">
<hideElementsInCurrentOnly>false</hideElementsInCurrentOnly>
<bounds x="621" y="713" width="442" height="118"/>
</OView>
<OView class="oracle.dbtools.crest.swingui.relational.TVTable" oid="30696454-888F-9FF5-62DB-045B11FE36CC" otype="Table" vid="D3C02E3C-966B-4C9F-147C-DBF4CFCDA7F8">
<hideElementsInCurrentOnly>false</hideElementsInCurrentOnly>
<bounds x="913" y="414" width="408" height="152"/>
</OView>
<OView class="oracle.dbtools.crest.swingui.relational.TVTable" oid="4398FBDF-708E-02C8-A0F2-BEC493057B85" otype="Table" vid="96612AD5-D1AD-848C-E3A5-E45D35FDBEC5">
<hideElementsInCurrentOnly>false</hideElementsInCurrentOnly>
<bounds x="57" y="444" width="239" height="81"/>
</OView>
<OView class="oracle.dbtools.crest.swingui.relational.TVTable" oid="4C8A7817-FBAD-E632-73DF-911692F34609" otype="Table" vid="F9DD0C43-1A73-3DA5-1E75-B5ABB0BCF9C7">
<hideElementsInCurrentOnly>false</hideElementsInCurrentOnly>
<bounds x="1180" y="621" width="217" height="80"/>
</OView>
<OView class="oracle.dbtools.crest.swingui.relational.TVTable" oid="4EFFA3A4-A57E-6E56-E649-B47525FADCEC" otype="Table" vid="30EE272C-0931-9ADA-27F1-43090956EE25">
<hideElementsInCurrentOnly>false</hideElementsInCurrentOnly>
<bounds x="779" y="148" width="240" height="74"/>
</OView>
<OView class="oracle.dbtools.crest.swingui.relational.TVTable" oid="7B6924C1-353F-1BCA-CE50-2C654EFF74A3" otype="Table" vid="E57005DD-56C6-07A8-9FDF-256D9EA5EE72">
<hideElementsInCurrentOnly>false</hideElementsInCurrentOnly>
<bounds x="918" y="250" width="344" height="118"/>
</OView>
<OView class="oracle.dbtools.crest.swingui.relational.TVTable" oid="7C7E8D9D-948A-06B7-C5A6-6135375DBEFF" otype="Table" vid="33AC0FA6-16DF-42BC-232D-1DB7EBC97B92">
<hideElementsInCurrentOnly>false</hideElementsInCurrentOnly>
<bounds x="98" y="690" width="390" height="136"/>
</OView>
<OView class="oracle.dbtools.crest.swingui.relational.TVTable" oid="8B1FE0EE-9F5E-0786-76C6-4AEA9A9A104C" otype="Table" vid="387E8FA0-46A7-0D5B-FCB4-083BA2A73AFA">
<hideElementsInCurrentOnly>false</hideElementsInCurrentOnly>
<bounds x="1308" y="270" width="221" height="81"/>
</OView>
<OView class="oracle.dbtools.crest.swingui.relational.TVTable" oid="8BF32944-AD1B-005E-3BE2-04A02C9C1345" otype="Table" vid="C50C1955-026D-4F10-A332-B8DDF7DCED86">
<hideElementsInCurrentOnly>false</hideElementsInCurrentOnly>
<bounds x="482" y="146" width="270" height="81"/>
</OView>
<OView class="oracle.dbtools.crest.swingui.relational.TVTable" oid="C6798E0D-B067-D05A-6198-B5EDDC151E1C" otype="Table" vid="6A3EBE30-718F-4CD9-CE5F-975F21A794AD">
<hideElementsInCurrentOnly>false</hideElementsInCurrentOnly>
<bounds x="56" y="561" width="255" height="75"/>
</OView>
<OView class="oracle.dbtools.crest.swingui.relational.TVTable" oid="D99CF7D6-CAAD-09CE-CF4F-0150508D0946" otype="Table" vid="EE5E826B-AAB5-A059-05F3-6233177158E8">
<hideElementsInCurrentOnly>false</hideElementsInCurrentOnly>
<bounds x="52" y="299" width="266" height="86"/>
</OView>
<OView class="oracle.dbtools.crest.swingui.relational.TVTable" oid="F69E3B9F-64F2-6F6C-1A83-49786870371D" otype="Table" vid="13F9A400-1FAD-3000-CFD3-F1DBA75C72CF">
<hideElementsInCurrentOnly>false</hideElementsInCurrentOnly>
<bounds x="243" y="150" width="223" height="75"/>
</OView>
</objectViews>
<connectors>
<Connector class="oracle.dbtools.crest.swingui.relational.TVFKRelation" oid="07D4675D-3122-901B-2D7C-7DDA18B49B00" otype="FKIndexAssociation" vid_source="30EE272C-0931-9ADA-27F1-43090956EE25" vid_target="C82F876A-84FA-F389-2DB7-540DF4BF4379">
<hideElementsInCurrentOnly>false</hideElementsInCurrentOnly>
<backgroundColor>-16777216</backgroundColor>
<lineWidth>1</lineWidth>
<points>
<point x="824" y="222"/>
<point x="824" y="290"/>
</points>
</Connector>
<Connector class="oracle.dbtools.crest.swingui.relational.TVFKRelation" oid="20E615DE-5C6C-72E2-63F2-3BD9C73F0BC9" otype="FKIndexAssociation" vid_source="20385163-CF97-3652-163B-CA96F05C1F61" vid_target="D3C02E3C-966B-4C9F-147C-DBF4CFCDA7F8">
<hideElementsInCurrentOnly>false</hideElementsInCurrentOnly>
<backgroundColor>-16777216</backgroundColor>
<lineWidth>1</lineWidth>
<points>
<point x="988" y="713"/>
<point x="988" y="566"/>
</points>
</Connector>
<Connector class="oracle.dbtools.crest.swingui.relational.TVFKRelation" oid="3809CCAF-29E1-365F-7414-7E96F75CE7E6" otype="FKIndexAssociation" vid_source="C50C1955-026D-4F10-A332-B8DDF7DCED86" vid_target="C82F876A-84FA-F389-2DB7-540DF4BF4379">
<hideElementsInCurrentOnly>false</hideElementsInCurrentOnly>
<backgroundColor>-16777216</backgroundColor>
<lineWidth>1</lineWidth>
<points>
<point x="617" y="227"/>
<point x="617" y="290"/>
</points>
</Connector>
<Connector class="oracle.dbtools.crest.swingui.relational.TVFKRelation" oid="3C118BBD-E4B1-0C8B-BC8E-BF2CD51FA797" otype="FKIndexAssociation" vid_source="96612AD5-D1AD-848C-E3A5-E45D35FDBEC5" vid_target="C82F876A-84FA-F389-2DB7-540DF4BF4379">
<hideElementsInCurrentOnly>false</hideElementsInCurrentOnly>
<backgroundColor>-16777216</backgroundColor>
<lineWidth>1</lineWidth>
<points>
<point x="296" y="484"/>
<point x="373" y="484"/>
</points>
</Connector>
<Connector class="oracle.dbtools.crest.swingui.relational.TVFKRelation" oid="504C2AF6-90AD-0C56-DE7B-BCE43FC9B151" otype="FKIndexAssociation" vid_source="EE5E826B-AAB5-A059-05F3-6233177158E8" vid_target="C82F876A-84FA-F389-2DB7-540DF4BF4379">
<hideElementsInCurrentOnly>false</hideElementsInCurrentOnly>
<backgroundColor>-16777216</backgroundColor>
<lineWidth>1</lineWidth>
<points>
<point x="318" y="342"/>
<point x="373" y="342"/>
</points>
</Connector>
<Connector class="oracle.dbtools.crest.swingui.relational.TVFKRelation" oid="5B1FBA27-8F1B-1D8B-7B7A-B5CB5B3BA7B7" otype="FKIndexAssociation" vid_source="F9DD0C43-1A73-3DA5-1E75-B5ABB0BCF9C7" vid_target="D3C02E3C-966B-4C9F-147C-DBF4CFCDA7F8">
<hideElementsInCurrentOnly>false</hideElementsInCurrentOnly>
<backgroundColor>-16777216</backgroundColor>
<lineWidth>1</lineWidth>
<points>
<point x="1250" y="621"/>
<point x="1250" y="566"/>
</points>
</Connector>
<Connector class="oracle.dbtools.crest.swingui.relational.TVFKRelation" oid="9784F832-8757-DCA2-CBC2-784FE77ED81F" otype="FKIndexAssociation" vid_source="387E8FA0-46A7-0D5B-FCB4-083BA2A73AFA" vid_target="E57005DD-56C6-07A8-9FDF-256D9EA5EE72">
<hideElementsInCurrentOnly>false</hideElementsInCurrentOnly>
<backgroundColor>-16777216</backgroundColor>
<lineWidth>1</lineWidth>
<points>
<point x="1308" y="310"/>
<point x="1262" y="310"/>
</points>
</Connector>
<Connector class="oracle.dbtools.crest.swingui.relational.TVFKRelation" oid="A1BBA24D-7E58-8E91-7CDB-472D3FBD0C55" otype="FKIndexAssociation" vid_source="E57005DD-56C6-07A8-9FDF-256D9EA5EE72" vid_target="C82F876A-84FA-F389-2DB7-540DF4BF4379">
<hideElementsInCurrentOnly>false</hideElementsInCurrentOnly>
<backgroundColor>-16777216</backgroundColor>
<lineWidth>1</lineWidth>
<points>
<point x="918" y="329"/>
<point x="869" y="329"/>
</points>
</Connector>
<Connector class="oracle.dbtools.crest.swingui.relational.TVFKRelation" oid="A6DE6BBB-E547-D88C-6442-EC54855A25D3" otype="FKIndexAssociation" vid_source="13F9A400-1FAD-3000-CFD3-F1DBA75C72CF" vid_target="C82F876A-84FA-F389-2DB7-540DF4BF4379">
<hideElementsInCurrentOnly>false</hideElementsInCurrentOnly>
<backgroundColor>-16777216</backgroundColor>
<lineWidth>1</lineWidth>
<points>
<point x="419" y="225"/>
<point x="419" y="290"/>
</points>
</Connector>
<Connector class="oracle.dbtools.crest.swingui.relational.TVFKRelation" oid="B746D9C9-C45A-9E0D-CFAE-CF9463EA258E" otype="FKIndexAssociation" vid_source="33AC0FA6-16DF-42BC-232D-1DB7EBC97B92" vid_target="20385163-CF97-3652-163B-CA96F05C1F61">
<hideElementsInCurrentOnly>false</hideElementsInCurrentOnly>
<backgroundColor>-16777216</backgroundColor>
<lineWidth>1</lineWidth>
<points>
<point x="488" y="769"/>
<point x="621" y="769"/>
</points>
</Connector>
<Connector class="oracle.dbtools.crest.swingui.relational.TVFKRelation" oid="C54BDE65-7818-711D-E027-EC9E3D2D0E09" otype="FKIndexAssociation" vid_source="D3C02E3C-966B-4C9F-147C-DBF4CFCDA7F8" vid_target="C82F876A-84FA-F389-2DB7-540DF4BF4379">
<hideElementsInCurrentOnly>false</hideElementsInCurrentOnly>
<backgroundColor>-16777216</backgroundColor>
<lineWidth>1</lineWidth>
<points>
<point x="913" y="490"/>
<point x="869" y="490"/>
</points>
</Connector>
<Connector class="oracle.dbtools.crest.swingui.relational.TVFKRelation" oid="D000FA8F-23C1-E006-8EF0-973133A273B6" otype="FKIndexAssociation" vid_source="6A3EBE30-718F-4CD9-CE5F-975F21A794AD" vid_target="33AC0FA6-16DF-42BC-232D-1DB7EBC97B92">
<hideElementsInCurrentOnly>false</hideElementsInCurrentOnly>
<backgroundColor>-16777216</backgroundColor>
<lineWidth>1</lineWidth>
<points>
<point x="204" y="636"/>
<point x="204" y="690"/>
</points>
</Connector>
</connectors>
</Diagram>