<?xml version = '1.0' encoding = 'UTF-8'?>
<Entity class="oracle.dbtools.crest.model.design.logical.Entity" directorySegmentName="seg_0" id="34E614FC-C0DE-BBDF-D348-3914A5F1C96E" name="Tabla_Capacidad">
<createdBy>Usuario</createdBy>
<createdTime>2025-01-17 16:16:12 UTC</createdTime>
<ownerDesignName>EstructuraPrecios</ownerDesignName>
<engineerTo>
<item key="C84BA39B-171F-E22F-429D-B3696390332E" value="true"/>
</engineerTo>
<adequatelyNormalized>NO</adequatelyNormalized>
<expectedVolumes>0</expectedVolumes>
<fwdEngineeringStrategyName>Single Table</fwdEngineeringStrategyName>
<growthPercent>0</growthPercent>
<growthType>Year</growthType>
<maxVolumes>9999999</maxVolumes>
<minVolumes>0</minVolumes>
<normalForm>Third</normalForm>
<attributes itemClass="oracle.dbtools.crest.model.design.logical.Attribute">
<Attribute name="CapacidadID" id="5CC4B6BF-F312-069D-07A7-0C7E8BE250EC">
<createdBy>Usuario</createdBy>
<createdTime>2025-01-17 16:16:52 UTC</createdTime>
<ownerDesignName>EstructuraPrecios</ownerDesignName>
<engineerTo>
<item key="C84BA39B-171F-E22F-429D-B3696390332E" value="true"/>
</engineerTo>
<useDomainConstraints>false</useDomainConstraints>
<use>1</use>
<logicalDatatype>LOGDT019</logicalDatatype>
<dataTypePrecision>2</dataTypePrecision>
<ownDataTypeParameters>,2,</ownDataTypeParameters>
</Attribute>
<Attribute name="CapacidadDiaria" id="87B4C27C-55BB-4C1E-7C1E-193BC398D7DE">
<createdBy>Usuario</createdBy>
<createdTime>2025-01-17 16:18:45 UTC</createdTime>
<ownerDesignName>EstructuraPrecios</ownerDesignName>
<engineerTo>
<item key="C84BA39B-171F-E22F-429D-B3696390332E" value="true"/>
</engineerTo>
<useDomainConstraints>false</useDomainConstraints>
<use>1</use>
<logicalDatatype>LOGDT019</logicalDatatype>
<dataTypePrecision>4</dataTypePrecision>
<ownDataTypeParameters>,4,</ownDataTypeParameters>
</Attribute>
<Attribute name="CapacidadAnual" id="95B0B961-2406-C4E9-DE12-B60883805A2E">
<createdBy>Usuario</createdBy>
<createdTime>2025-01-17 16:19:15 UTC</createdTime>
<ownerDesignName>EstructuraPrecios</ownerDesignName>
<engineerTo>
<item key="C84BA39B-171F-E22F-429D-B3696390332E" value="true"/>
</engineerTo>
<useDomainConstraints>false</useDomainConstraints>
<use>1</use>
<logicalDatatype>LOGDT019</logicalDatatype>
<dataTypePrecision>8</dataTypePrecision>
<ownDataTypeParameters>,8,</ownDataTypeParameters>
</Attribute>
<Attribute name="FuncionDiaID" id="A974A7CF-3730-9293-F919-35F2D0FEFF74">
<createdBy>Usuario</createdBy>
<createdTime>2025-01-17 21:10:36 UTC</createdTime>
<generatorID>8D361C7C-FC98-0FF0-A05B-444ED76A1477</generatorID>
<ownerDesignName>EstructuraPrecios</ownerDesignName>
<engineerTo>
<item key="C84BA39B-171F-E22F-429D-B3696390332E" value="true"/>
</engineerTo>
<referedAttribute>E136C911-4E1C-A2FB-51B4-10EE3CB5C587</referedAttribute>
<useDomainConstraints>false</useDomainConstraints>
<use>1</use>
<logicalDatatype>LOGDT019</logicalDatatype>
<dataTypePrecision>2</dataTypePrecision>
<ownDataTypeParameters>,,</ownDataTypeParameters>
</Attribute>
<Attribute name="SalaID" id="1C753557-8225-EE97-7EDC-4B9E4979D8D6">
<createdBy>Usuario</createdBy>
<createdTime>2025-01-17 22:26:21 UTC</createdTime>
<generatorID>41A3DF03-0872-18C6-9144-B60EDA64B47A</generatorID>
<ownerDesignName>EstructuraPrecios</ownerDesignName>
<engineerTo>
<item key="C84BA39B-171F-E22F-429D-B3696390332E" value="true"/>
</engineerTo>
<referedAttribute>E1E763DC-C650-E7B3-964C-B6F26E640E9F</referedAttribute>
<useDomainConstraints>false</useDomainConstraints>
<use>1</use>
<logicalDatatype>LOGDT019</logicalDatatype>
<dataTypePrecision>2</dataTypePrecision>
<ownDataTypeParameters>,,</ownDataTypeParameters>
</Attribute>
</attributes>
<identifiers itemClass="oracle.dbtools.crest.model.design.logical.CandidateKey">
<identifier id="4B9170BE-432B-C146-FCAE-0934226A0BCD" name="Entidad_Capacidad PK">
<createdBy>Usuario</createdBy>
<createdTime>2025-01-17 16:17:13 UTC</createdTime>
<ownerDesignName>EstructuraPrecios</ownerDesignName>
<engineerTo>
<item key="C84BA39B-171F-E22F-429D-B3696390332E" value="true"/>
</engineerTo>
<pk>true</pk>
<usedAttributes>
<attributeRef>5CC4B6BF-F312-069D-07A7-0C7E8BE250EC</attributeRef>
</usedAttributes>
</identifier>
</identifiers>
</Entity>