<?xml version = '1.0' encoding = 'UTF-8'?>
<Entity class="oracle.dbtools.crest.model.design.logical.Entity" directorySegmentName="seg_0" id="613E4B88-C611-6398-FE8F-300ABF89C646" name="Tabla_Ventas">
<createdBy>Usuario</createdBy>
<createdTime>2025-01-17 16:22:58 UTC</createdTime>
<ownerDesignName>EstructuraPrecios</ownerDesignName>
<engineerTo>
<item key="C84BA39B-171F-E22F-429D-B3696390332E" value="true"/>
</engineerTo>
<adequatelyNormalized>NO</adequatelyNormalized>
<expectedVolumes>0</expectedVolumes>
<fwdEngineeringStrategyName>Single Table</fwdEngineeringStrategyName>
<growthPercent>0</growthPercent>
<growthType>Year</growthType>
<maxVolumes>9999999</maxVolumes>
<minVolumes>0</minVolumes>
<normalForm>Third</normalForm>
<attributes itemClass="oracle.dbtools.crest.model.design.logical.Attribute">
<Attribute name="VentaID" id="7C9E330B-6329-EEA5-A7F0-B8F5FFDA529D">
<createdBy>Usuario</createdBy>
<createdTime>2025-01-17 16:23:15 UTC</createdTime>
<ownerDesignName>EstructuraPrecios</ownerDesignName>
<engineerTo>
<item key="C84BA39B-171F-E22F-429D-B3696390332E" value="true"/>
</engineerTo>
<useDomainConstraints>false</useDomainConstraints>
<use>1</use>
<logicalDatatype>LOGDT019</logicalDatatype>
<dataTypePrecision>4</dataTypePrecision>
<ownDataTypeParameters>,4,</ownDataTypeParameters>
</Attribute>
<Attribute name="PrecioBase" id="CF089351-105A-4B6F-0C87-A071228F6C74">
<createdBy>Usuario</createdBy>
<createdTime>2025-01-17 16:23:29 UTC</createdTime>
<ownerDesignName>EstructuraPrecios</ownerDesignName>
<engineerTo>
<item key="C84BA39B-171F-E22F-429D-B3696390332E" value="true"/>
</engineerTo>
<useDomainConstraints>false</useDomainConstraints>
<use>1</use>
<logicalDatatype>LOGDT020</logicalDatatype>
<ownDataTypeParameters>,,</ownDataTypeParameters>
</Attribute>
<Attribute name="Multiplicador" id="7BCA7C88-FB8C-87A2-4F4A-6D33D1D065B1">
<createdBy>Usuario</createdBy>
<createdTime>2025-01-17 16:23:56 UTC</createdTime>
<ownerDesignName>EstructuraPrecios</ownerDesignName>
<engineerTo>
<item key="C84BA39B-171F-E22F-429D-B3696390332E" value="true"/>
</engineerTo>
<useDomainConstraints>false</useDomainConstraints>
<use>1</use>
<logicalDatatype>LOGDT024</logicalDatatype>
<dataTypeSize>50 BYTE</dataTypeSize>
<ownDataTypeParameters>50 BYTE,,</ownDataTypeParameters>
</Attribute>
<Attribute name="NuevoPrecio" id="995820CE-9012-DEAD-8DAB-17777F52F34A">
<createdBy>Usuario</createdBy>
<createdTime>2025-01-17 16:25:26 UTC</createdTime>
<ownerDesignName>EstructuraPrecios</ownerDesignName>
<engineerTo>
<item key="C84BA39B-171F-E22F-429D-B3696390332E" value="true"/>
</engineerTo>
<useDomainConstraints>false</useDomainConstraints>
<use>1</use>
<logicalDatatype>LOGDT020</logicalDatatype>
<ownDataTypeParameters>,,</ownDataTypeParameters>
</Attribute>
<Attribute name="VentaTotal" id="BC6702AE-1473-D410-365A-B2534360998E">
<createdBy>Usuario</createdBy>
<createdTime>2025-01-17 16:26:08 UTC</createdTime>
<ownerDesignName>EstructuraPrecios</ownerDesignName>
<engineerTo>
<item key="C84BA39B-171F-E22F-429D-B3696390332E" value="true"/>
</engineerTo>
<useDomainConstraints>false</useDomainConstraints>
<use>1</use>
<logicalDatatype>LOGDT019</logicalDatatype>
<dataTypePrecision>8</dataTypePrecision>
<ownDataTypeParameters>,8,</ownDataTypeParameters>
</Attribute>
<Attribute name="CapacidadID" id="7F28DBF6-5F66-B186-5411-A9DF3BB775DC">
<createdBy>Usuario</createdBy>
<createdTime>2025-01-17 16:39:23 UTC</createdTime>
<generatorID>A5ED9040-DC8D-0246-7944-72AD30D68886</generatorID>
<ownerDesignName>EstructuraPrecios</ownerDesignName>
<engineerTo>
<item key="C84BA39B-171F-E22F-429D-B3696390332E" value="true"/>
</engineerTo>
<referedAttribute>5CC4B6BF-F312-069D-07A7-0C7E8BE250EC</referedAttribute>
<useDomainConstraints>false</useDomainConstraints>
<use>1</use>
<logicalDatatype>LOGDT019</logicalDatatype>
<dataTypePrecision>2</dataTypePrecision>
<ownDataTypeParameters>,,</ownDataTypeParameters>
</Attribute>
<Attribute name="FactorCompraID" id="1D4BB798-AAA3-9092-785C-0A41CA9E4702">
<createdBy>Usuario</createdBy>
<createdTime>2025-01-17 16:39:53 UTC</createdTime>
<generatorID>7F804462-71B0-55C2-41BB-A5744490638D</generatorID>
<ownerDesignName>EstructuraPrecios</ownerDesignName>
<engineerTo>
<item key="C84BA39B-171F-E22F-429D-B3696390332E" value="true"/>
</engineerTo>
<referedAttribute>26FF4399-9C94-FA05-BC9E-2266D9B967A0</referedAttribute>
<useDomainConstraints>false</useDomainConstraints>
<use>1</use>
<logicalDatatype>LOGDT019</logicalDatatype>
<dataTypePrecision>2</dataTypePrecision>
<ownDataTypeParameters>,,</ownDataTypeParameters>
</Attribute>
<Attribute name="TipoEntradaID" id="88AAAE9B-7675-2528-1E58-2FD5EB091E3D">
<createdBy>Usuario</createdBy>
<createdTime>2025-01-17 16:40:28 UTC</createdTime>
<generatorID>69F48F42-9516-9224-628A-277145748A86</generatorID>
<ownerDesignName>EstructuraPrecios</ownerDesignName>
<engineerTo>
<item key="C84BA39B-171F-E22F-429D-B3696390332E" value="true"/>
</engineerTo>
<referedAttribute>8CC3A2C7-F9B2-13AA-98BD-95F22ADA3349</referedAttribute>
<useDomainConstraints>false</useDomainConstraints>
<use>1</use>
<logicalDatatype>LOGDT019</logicalDatatype>
<dataTypePrecision>3</dataTypePrecision>
<ownDataTypeParameters>,,</ownDataTypeParameters>
</Attribute>
<Attribute name="ModeloID" id="8A28FCD6-FBF4-43D9-622F-B176E425F92A">
<createdBy>Usuario</createdBy>
<createdTime>2025-01-17 16:40:48 UTC</createdTime>
<generatorID>58392BBD-AE26-A0B3-FB81-F7E511283F6E</generatorID>
<ownerDesignName>EstructuraPrecios</ownerDesignName>
<engineerTo>
<item key="C84BA39B-171F-E22F-429D-B3696390332E" value="true"/>
</engineerTo>
<referedAttribute>BF0CAAFD-DF72-6597-1DBB-7F2C23A86529</referedAttribute>
<useDomainConstraints>false</useDomainConstraints>
<use>1</use>
<logicalDatatype>LOGDT019</logicalDatatype>
<dataTypePrecision>2</dataTypePrecision>
<ownDataTypeParameters>,,</ownDataTypeParameters>
</Attribute>
<Attribute name="CategoriaClienteID" id="0AB8A3FD-A969-E9D6-16E9-ADC2DDEEE7F4">
<createdBy>Usuario</createdBy>
<createdTime>2025-01-17 16:41:12 UTC</createdTime>
<generatorID>B279DC3E-1E82-AF6D-9061-9B994BF1F932</generatorID>
<ownerDesignName>EstructuraPrecios</ownerDesignName>
<engineerTo>
<item key="C84BA39B-171F-E22F-429D-B3696390332E" value="true"/>
</engineerTo>
<referedAttribute>0A7AAAFF-F373-1F52-8BCB-88EDA95227BF</referedAttribute>
<useDomainConstraints>false</useDomainConstraints>
<use>1</use>
<logicalDatatype>LOGDT019</logicalDatatype>
<dataTypePrecision>2</dataTypePrecision>
<ownDataTypeParameters>,,</ownDataTypeParameters>
</Attribute>
<Attribute name="TarifaID" id="6D3641D2-7190-3136-A4BF-C9775F9FE03B">
<createdBy>Usuario</createdBy>
<createdTime>2025-01-17 16:41:28 UTC</createdTime>
<generatorID>822C73D1-89F4-5016-87B3-F93D3B0EC7E7</generatorID>
<ownerDesignName>EstructuraPrecios</ownerDesignName>
<engineerTo>
<item key="C84BA39B-171F-E22F-429D-B3696390332E" value="true"/>
</engineerTo>
<referedAttribute>78C6A69E-9267-0E86-8B07-F0C8586F5B23</referedAttribute>
<useDomainConstraints>false</useDomainConstraints>
<use>1</use>
<logicalDatatype>LOGDT019</logicalDatatype>
<dataTypePrecision>2</dataTypePrecision>
<ownDataTypeParameters>,,</ownDataTypeParameters>
</Attribute>
<Attribute name="TotalClientes" id="68A17EB8-2A8F-9BFF-C872-D44244657123">
<createdBy>Usuario</createdBy>
<createdTime>2025-01-17 23:40:42 UTC</createdTime>
<ownerDesignName>EstructuraPrecios</ownerDesignName>
<engineerTo>
<item key="C84BA39B-171F-E22F-429D-B3696390332E" value="true"/>
</engineerTo>
<useDomainConstraints>false</useDomainConstraints>
<use>1</use>
<logicalDatatype>LOGDT019</logicalDatatype>
<dataTypePrecision>6</dataTypePrecision>
<ownDataTypeParameters>,6,</ownDataTypeParameters>
</Attribute>
<Attribute name="PorcentajeOcupacion" id="0D574D89-FBCB-6A11-9A9E-20DB293C97A2">
<createdBy>Usuario</createdBy>
<createdTime>2025-01-17 23:41:00 UTC</createdTime>
<ownerDesignName>EstructuraPrecios</ownerDesignName>
<engineerTo>
<item key="C84BA39B-171F-E22F-429D-B3696390332E" value="true"/>
</engineerTo>
<useDomainConstraints>false</useDomainConstraints>
<use>1</use>
<logicalDatatype>LOGDT020</logicalDatatype>
<ownDataTypeParameters>,,</ownDataTypeParameters>
</Attribute>
<Attribute name="TipoFuncionID" id="257FF9E9-170A-2A86-A6E6-344AFC2DC67D">
<createdBy>Usuario</createdBy>
<createdTime>2025-01-19 00:17:16 UTC</createdTime>
<generatorID>DAAE7328-2BC2-B754-36FF-91B6904753F5</generatorID>
<ownerDesignName>EstructuraPrecios</ownerDesignName>
<engineerTo>
<item key="C84BA39B-171F-E22F-429D-B3696390332E" value="true"/>
</engineerTo>
<referedAttribute>3C651627-5425-21EB-4FFA-44EE26010B42</referedAttribute>
<useDomainConstraints>false</useDomainConstraints>
<use>1</use>
<logicalDatatype>LOGDT019</logicalDatatype>
<dataTypePrecision>2</dataTypePrecision>
<ownDataTypeParameters>,,</ownDataTypeParameters>
</Attribute>
</attributes>
<identifiers itemClass="oracle.dbtools.crest.model.design.logical.CandidateKey">
<identifier id="11A77D56-F32B-E2BD-9FE6-AC030476668B" name="Entidad_Ventas PK">
<createdBy>Usuario</createdBy>
<createdTime>2025-01-17 16:23:27 UTC</createdTime>
<ownerDesignName>EstructuraPrecios</ownerDesignName>
<engineerTo>
<item key="C84BA39B-171F-E22F-429D-B3696390332E" value="true"/>
</engineerTo>
<pk>true</pk>
<usedAttributes>
<attributeRef>7C9E330B-6329-EEA5-A7F0-B8F5FFDA529D</attributeRef>
</usedAttributes>
</identifier>
</identifiers>
</Entity>