<?xml version = '1.0' encoding = 'UTF-8'?>
<Entity class="oracle.dbtools.crest.model.design.logical.Entity" directorySegmentName="seg_0" id="6803FCD3-E3F7-4366-A032-B74A20940F01" name="Tabla_Tipo_Entrada">
<createdBy>Usuario</createdBy>
<createdTime>2025-01-17 15:44:24 UTC</createdTime>
<ownerDesignName>EstructuraPrecios</ownerDesignName>
<engineerTo>
<item key="C84BA39B-171F-E22F-429D-B3696390332E" value="true"/>
</engineerTo>
<adequatelyNormalized>NO</adequatelyNormalized>
<expectedVolumes>0</expectedVolumes>
<fwdEngineeringStrategyName>Single Table</fwdEngineeringStrategyName>
<growthPercent>0</growthPercent>
<growthType>Year</growthType>
<maxVolumes>9999999</maxVolumes>
<minVolumes>0</minVolumes>
<normalForm>Third</normalForm>
<attributes itemClass="oracle.dbtools.crest.model.design.logical.Attribute">
<Attribute name="TipoEntradaID" id="8CC3A2C7-F9B2-13AA-98BD-95F22ADA3349">
<createdBy>Usuario</createdBy>
<createdTime>2025-01-17 15:45:04 UTC</createdTime>
<ownerDesignName>EstructuraPrecios</ownerDesignName>
<engineerTo>
<item key="C84BA39B-171F-E22F-429D-B3696390332E" value="true"/>
</engineerTo>
<useDomainConstraints>false</useDomainConstraints>
<use>1</use>
<logicalDatatype>LOGDT019</logicalDatatype>
<dataTypePrecision>3</dataTypePrecision>
<ownDataTypeParameters>,3,</ownDataTypeParameters>
</Attribute>
<Attribute name="NombreTipoEntrada" id="EEE3F753-C629-C7BE-1EB6-11C98843F7BA">
<createdBy>Usuario</createdBy>
<createdTime>2025-01-17 15:46:44 UTC</createdTime>
<ownerDesignName>EstructuraPrecios</ownerDesignName>
<engineerTo>
<item key="C84BA39B-171F-E22F-429D-B3696390332E" value="true"/>
</engineerTo>
<useDomainConstraints>false</useDomainConstraints>
<use>1</use>
<logicalDatatype>LOGDT024</logicalDatatype>
<dataTypeSize>200 BYTE</dataTypeSize>
<ownDataTypeParameters>200 BYTE,,</ownDataTypeParameters>
</Attribute>
</attributes>
<identifiers itemClass="oracle.dbtools.crest.model.design.logical.CandidateKey">
<identifier id="14034219-1624-2588-CE39-75FCE8141841" name="Entidad_Tipo_Entrada PK">
<createdBy>Usuario</createdBy>
<createdTime>2025-01-17 15:46:29 UTC</createdTime>
<ownerDesignName>EstructuraPrecios</ownerDesignName>
<engineerTo>
<item key="C84BA39B-171F-E22F-429D-B3696390332E" value="true"/>
</engineerTo>
<pk>true</pk>
<usedAttributes>
<attributeRef>8CC3A2C7-F9B2-13AA-98BD-95F22ADA3349</attributeRef>
</usedAttributes>
</identifier>
</identifiers>
</Entity>