<?xml version = '1.0' encoding = 'UTF-8'?>
<Entity class="oracle.dbtools.crest.model.design.logical.Entity" directorySegmentName="seg_0" id="75FA4F94-92EA-972D-A6B8-2B21CB75F265" name="Tabla_Factor_Compra">
<createdBy>Usuario</createdBy>
<createdTime>2025-01-17 15:56:48 UTC</createdTime>
<ownerDesignName>EstructuraPrecios</ownerDesignName>
<engineerTo>
<item key="C84BA39B-171F-E22F-429D-B3696390332E" value="true"/>
</engineerTo>
<adequatelyNormalized>NO</adequatelyNormalized>
<expectedVolumes>0</expectedVolumes>
<fwdEngineeringStrategyName>Single Table</fwdEngineeringStrategyName>
<growthPercent>0</growthPercent>
<growthType>Year</growthType>
<maxVolumes>9999999</maxVolumes>
<minVolumes>0</minVolumes>
<normalForm>Third</normalForm>
<attributes itemClass="oracle.dbtools.crest.model.design.logical.Attribute">
<Attribute name="FactorCompraID" id="26FF4399-9C94-FA05-BC9E-2266D9B967A0">
<createdBy>Usuario</createdBy>
<createdTime>2025-01-17 15:57:07 UTC</createdTime>
<ownerDesignName>EstructuraPrecios</ownerDesignName>
<engineerTo>
<item key="C84BA39B-171F-E22F-429D-B3696390332E" value="true"/>
</engineerTo>
<useDomainConstraints>false</useDomainConstraints>
<use>1</use>
<logicalDatatype>LOGDT019</logicalDatatype>
<dataTypePrecision>2</dataTypePrecision>
<ownDataTypeParameters>,2,</ownDataTypeParameters>
</Attribute>
<Attribute name="FactorCompra" id="31B3D87F-56A8-7FE5-40DD-81A420D4338F">
<createdBy>Usuario</createdBy>
<createdTime>2025-01-17 15:57:18 UTC</createdTime>
<ownerDesignName>EstructuraPrecios</ownerDesignName>
<engineerTo>
<item key="C84BA39B-171F-E22F-429D-B3696390332E" value="true"/>
</engineerTo>
<useDomainConstraints>false</useDomainConstraints>
<use>1</use>
<logicalDatatype>LOGDT024</logicalDatatype>
<dataTypeSize>200 BYTE</dataTypeSize>
<ownDataTypeParameters>200 BYTE,,</ownDataTypeParameters>
</Attribute>
<Attribute name="FactorID" id="B7143458-C6BC-84E7-0D1D-BC4FF43761B2">
<createdBy>Usuario</createdBy>
<createdTime>2025-01-17 20:28:28 UTC</createdTime>
<generatorID>5351D7FF-771E-9FB7-E494-96BD7768DAA5</generatorID>
<ownerDesignName>EstructuraPrecios</ownerDesignName>
<engineerTo>
<item key="C84BA39B-171F-E22F-429D-B3696390332E" value="true"/>
</engineerTo>
<referedAttribute>B3AE25DA-B6C6-C7FE-9495-29F3B4DE1B23</referedAttribute>
<useDomainConstraints>false</useDomainConstraints>
<use>1</use>
<logicalDatatype>LOGDT019</logicalDatatype>
<dataTypePrecision>2</dataTypePrecision>
<ownDataTypeParameters>,,</ownDataTypeParameters>
</Attribute>
</attributes>
<identifiers itemClass="oracle.dbtools.crest.model.design.logical.CandidateKey">
<identifier id="CB469957-D699-90D3-5650-7E941EE6E734" name="Entidad_Factor PK">
<createdBy>Usuario</createdBy>
<createdTime>2025-01-17 15:57:17 UTC</createdTime>
<ownerDesignName>EstructuraPrecios</ownerDesignName>
<engineerTo>
<item key="C84BA39B-171F-E22F-429D-B3696390332E" value="true"/>
</engineerTo>
<pk>true</pk>
<usedAttributes>
<attributeRef>26FF4399-9C94-FA05-BC9E-2266D9B967A0</attributeRef>
</usedAttributes>
</identifier>
</identifiers>
</Entity>