<?xml version = '1.0' encoding = 'UTF-8'?>
<Entity class="oracle.dbtools.crest.model.design.logical.Entity" directorySegmentName="seg_0" id="8C2D3561-EE1E-403B-5DC0-D971705952F3" name="Tabla_Sala">
<createdBy>Usuario</createdBy>
<createdTime>2025-01-17 21:03:41 UTC</createdTime>
<ownerDesignName>EstructuraPrecios</ownerDesignName>
<engineerTo>
<item key="C84BA39B-171F-E22F-429D-B3696390332E" value="true"/>
</engineerTo>
<adequatelyNormalized>NO</adequatelyNormalized>
<expectedVolumes>0</expectedVolumes>
<fwdEngineeringStrategyName>Single Table</fwdEngineeringStrategyName>
<growthPercent>0</growthPercent>
<growthType>Year</growthType>
<maxVolumes>9999999</maxVolumes>
<minVolumes>0</minVolumes>
<normalForm>Third</normalForm>
<attributes itemClass="oracle.dbtools.crest.model.design.logical.Attribute">
<Attribute name="SalaID" id="E1E763DC-C650-E7B3-964C-B6F26E640E9F">
<createdBy>Usuario</createdBy>
<createdTime>2025-01-17 21:03:47 UTC</createdTime>
<ownerDesignName>EstructuraPrecios</ownerDesignName>
<engineerTo>
<item key="C84BA39B-171F-E22F-429D-B3696390332E" value="true"/>
</engineerTo>
<useDomainConstraints>false</useDomainConstraints>
<use>1</use>
<logicalDatatype>LOGDT019</logicalDatatype>
<dataTypePrecision>2</dataTypePrecision>
<ownDataTypeParameters>,2,</ownDataTypeParameters>
</Attribute>
<Attribute name="CapacidadPromedio" id="3062CA9C-8F6A-7790-221E-EF2C4665842B">
<createdBy>Usuario</createdBy>
<createdTime>2025-01-17 21:03:59 UTC</createdTime>
<ownerDesignName>EstructuraPrecios</ownerDesignName>
<engineerTo>
<item key="C84BA39B-171F-E22F-429D-B3696390332E" value="true"/>
</engineerTo>
<useDomainConstraints>false</useDomainConstraints>
<use>1</use>
<logicalDatatype>LOGDT019</logicalDatatype>
<dataTypePrecision>2</dataTypePrecision>
<ownDataTypeParameters>,2,</ownDataTypeParameters>
</Attribute>
<Attribute name="CapacidadSalaID" id="D3DFD65D-4B58-3FC9-5D0E-DDE7CD57C916">
<createdBy>Usuario</createdBy>
<createdTime>2025-01-19 00:20:13 UTC</createdTime>
<generatorID>E26FBC3A-3DD5-2110-3ADD-AF2D1FC2B608</generatorID>
<ownerDesignName>EstructuraPrecios</ownerDesignName>
<engineerTo>
<item key="C84BA39B-171F-E22F-429D-B3696390332E" value="true"/>
</engineerTo>
<referedAttribute>BEDCDE3D-E4EA-525F-D597-BBF51DA16318</referedAttribute>
<useDomainConstraints>false</useDomainConstraints>
<use>1</use>
<logicalDatatype>LOGDT019</logicalDatatype>
<dataTypePrecision>2</dataTypePrecision>
<ownDataTypeParameters>,,</ownDataTypeParameters>
</Attribute>
</attributes>
<identifiers itemClass="oracle.dbtools.crest.model.design.logical.CandidateKey">
<identifier id="59427F67-243F-DDFB-404E-9E7D89BDB18B" name="Entidad_Sala PK">
<createdBy>Usuario</createdBy>
<createdTime>2025-01-17 21:03:55 UTC</createdTime>
<ownerDesignName>EstructuraPrecios</ownerDesignName>
<engineerTo>
<item key="C84BA39B-171F-E22F-429D-B3696390332E" value="true"/>
</engineerTo>
<pk>true</pk>
<usedAttributes>
<attributeRef>E1E763DC-C650-E7B3-964C-B6F26E640E9F</attributeRef>
</usedAttributes>
</identifier>
</identifiers>
</Entity>