<?xml version = '1.0' encoding = 'UTF-8'?>
<Entity class="oracle.dbtools.crest.model.design.logical.Entity" directorySegmentName="seg_0" id="CC09D53D-0286-E9DD-4C97-486C526932A2" name="Tabla_Capacidad_Sala">
<createdBy>Usuario</createdBy>
<createdTime>2025-01-17 21:05:24 UTC</createdTime>
<ownerDesignName>EstructuraPrecios</ownerDesignName>
<engineerTo>
<item key="C84BA39B-171F-E22F-429D-B3696390332E" value="true"/>
</engineerTo>
<adequatelyNormalized>NO</adequatelyNormalized>
<expectedVolumes>0</expectedVolumes>
<fwdEngineeringStrategyName>Single Table</fwdEngineeringStrategyName>
<growthPercent>0</growthPercent>
<growthType>Year</growthType>
<maxVolumes>9999999</maxVolumes>
<minVolumes>0</minVolumes>
<normalForm>Third</normalForm>
<attributes itemClass="oracle.dbtools.crest.model.design.logical.Attribute">
<Attribute name="CapacidadSalaID" id="BEDCDE3D-E4EA-525F-D597-BBF51DA16318">
<createdBy>Usuario</createdBy>
<createdTime>2025-01-17 21:05:33 UTC</createdTime>
<ownerDesignName>EstructuraPrecios</ownerDesignName>
<engineerTo>
<item key="C84BA39B-171F-E22F-429D-B3696390332E" value="true"/>
</engineerTo>
<useDomainConstraints>false</useDomainConstraints>
<use>1</use>
<logicalDatatype>LOGDT019</logicalDatatype>
<dataTypePrecision>2</dataTypePrecision>
<ownDataTypeParameters>,2,</ownDataTypeParameters>
</Attribute>
<Attribute name="NumeroSalas" id="48003252-8E9A-9264-F322-CFF2DDD52AE8">
<createdBy>Usuario</createdBy>
<createdTime>2025-01-17 21:05:51 UTC</createdTime>
<ownerDesignName>EstructuraPrecios</ownerDesignName>
<engineerTo>
<item key="C84BA39B-171F-E22F-429D-B3696390332E" value="true"/>
</engineerTo>
<useDomainConstraints>false</useDomainConstraints>
<use>1</use>
<logicalDatatype>LOGDT019</logicalDatatype>
<dataTypePrecision>3</dataTypePrecision>
<ownDataTypeParameters>,3,</ownDataTypeParameters>
</Attribute>
<Attribute name="EmpresaID" id="E1D8CC23-3806-6AC9-D6B1-C66E03BB856E">
<createdBy>Usuario</createdBy>
<createdTime>2025-01-17 21:12:59 UTC</createdTime>
<generatorID>D825EDCD-B0C8-6352-79A2-8177FA8FAD41</generatorID>
<ownerDesignName>EstructuraPrecios</ownerDesignName>
<engineerTo>
<item key="C84BA39B-171F-E22F-429D-B3696390332E" value="true"/>
</engineerTo>
<referedAttribute>3BC62428-8A55-F62C-977D-A40F64D629CB</referedAttribute>
<useDomainConstraints>false</useDomainConstraints>
<use>1</use>
<logicalDatatype>LOGDT019</logicalDatatype>
<dataTypePrecision>2</dataTypePrecision>
<ownDataTypeParameters>,,</ownDataTypeParameters>
</Attribute>
</attributes>
<identifiers itemClass="oracle.dbtools.crest.model.design.logical.CandidateKey">
<identifier id="D5AD2AC2-50C9-DED6-EE0C-969A4601CE9C" name="Entidad_Capacidad_Empresa PK">
<createdBy>Usuario</createdBy>
<createdTime>2025-01-17 21:06:12 UTC</createdTime>
<ownerDesignName>EstructuraPrecios</ownerDesignName>
<engineerTo>
<item key="C84BA39B-171F-E22F-429D-B3696390332E" value="true"/>
</engineerTo>
<pk>true</pk>
<usedAttributes>
<attributeRef>BEDCDE3D-E4EA-525F-D597-BBF51DA16318</attributeRef>
</usedAttributes>
</identifier>
</identifiers>
</Entity>