<?xml version = '1.0' encoding = 'UTF-8'?>
<Entity class="oracle.dbtools.crest.model.design.logical.Entity" directorySegmentName="seg_0" id="DE528792-27CA-0F93-94F6-762577C97A8B" name="Tabla_Tipo_Tarifa">
<createdBy>Usuario</createdBy>
<createdTime>2025-01-17 16:30:37 UTC</createdTime>
<ownerDesignName>EstructuraPrecios</ownerDesignName>
<engineerTo>
<item key="C84BA39B-171F-E22F-429D-B3696390332E" value="true"/>
</engineerTo>
<adequatelyNormalized>NO</adequatelyNormalized>
<expectedVolumes>0</expectedVolumes>
<fwdEngineeringStrategyName>Single Table</fwdEngineeringStrategyName>
<growthPercent>0</growthPercent>
<growthType>Year</growthType>
<maxVolumes>9999999</maxVolumes>
<minVolumes>0</minVolumes>
<normalForm>Third</normalForm>
<attributes itemClass="oracle.dbtools.crest.model.design.logical.Attribute">
<Attribute name="TarifaID" id="78C6A69E-9267-0E86-8B07-F0C8586F5B23">
<createdBy>Usuario</createdBy>
<createdTime>2025-01-17 16:30:48 UTC</createdTime>
<ownerDesignName>EstructuraPrecios</ownerDesignName>
<engineerTo>
<item key="C84BA39B-171F-E22F-429D-B3696390332E" value="true"/>
</engineerTo>
<useDomainConstraints>false</useDomainConstraints>
<use>1</use>
<logicalDatatype>LOGDT019</logicalDatatype>
<dataTypePrecision>2</dataTypePrecision>
<ownDataTypeParameters>,2,</ownDataTypeParameters>
</Attribute>
<Attribute name="TipoTarifa" id="C484EE10-F9F5-F8F2-9555-ABD59B900E15">
<createdBy>Usuario</createdBy>
<createdTime>2025-01-17 16:31:01 UTC</createdTime>
<ownerDesignName>EstructuraPrecios</ownerDesignName>
<engineerTo>
<item key="C84BA39B-171F-E22F-429D-B3696390332E" value="true"/>
</engineerTo>
<useDomainConstraints>false</useDomainConstraints>
<use>1</use>
<logicalDatatype>LOGDT024</logicalDatatype>
<dataTypeSize>200 BYTE</dataTypeSize>
<ownDataTypeParameters>200 BYTE,,</ownDataTypeParameters>
</Attribute>
</attributes>
<identifiers itemClass="oracle.dbtools.crest.model.design.logical.CandidateKey">
<identifier id="C350A9D4-C7A4-361B-2967-AA177C854836" name="Entidad_Tipo_Tarifa PK">
<createdBy>Usuario</createdBy>
<createdTime>2025-01-17 16:30:59 UTC</createdTime>
<ownerDesignName>EstructuraPrecios</ownerDesignName>
<engineerTo>
<item key="C84BA39B-171F-E22F-429D-B3696390332E" value="true"/>
</engineerTo>
<pk>true</pk>
<usedAttributes>
<attributeRef>78C6A69E-9267-0E86-8B07-F0C8586F5B23</attributeRef>
</usedAttributes>
</identifier>
</identifiers>
</Entity>