<?xml version = '1.0' encoding = 'UTF-8'?>
<Table class="oracle.dbtools.crest.model.design.relational.Table" directorySegmentName="seg_0" id="2598F284-B848-C08D-30D3-712611895721" name="Tabla_Ventas">
<createdBy>Usuario</createdBy>
<createdTime>2025-01-19 00:26:59 UTC</createdTime>
<generatorID>613E4B88-C611-6398-FE8F-300ABF89C646</generatorID>
<ownerDesignName>EstructuraPrecios</ownerDesignName>
<allowColumnReorder>false</allowColumnReorder>
<existDependencyGenerateInDDl>true</existDependencyGenerateInDDl>
<parsed>true</parsed>
<columns itemClass="oracle.dbtools.crest.model.design.relational.Column">
<Column name="VentaID" id="EA6211EC-9B22-6D74-EA98-C75D290E31AC">
<createdBy>Usuario</createdBy>
<createdTime>2025-01-19 00:26:59 UTC</createdTime>
<generatorID>7C9E330B-6329-EEA5-A7F0-B8F5FFDA529D</generatorID>
<ownerDesignName>EstructuraPrecios</ownerDesignName>
<useDomainConstraints>false</useDomainConstraints>
<use>1</use>
<logicalDatatype>LOGDT019</logicalDatatype>
<dataTypePrecision>4</dataTypePrecision>
<ownDataTypeParameters>,4,</ownDataTypeParameters>
<autoIncrementCycle>false</autoIncrementCycle>
</Column>
<Column name="PrecioBase" id="DFEC2412-7629-BAB6-47E1-0C4C39305C6A">
<createdBy>Usuario</createdBy>
<createdTime>2025-01-19 00:26:59 UTC</createdTime>
<generatorID>CF089351-105A-4B6F-0C87-A071228F6C74</generatorID>
<ownerDesignName>EstructuraPrecios</ownerDesignName>
<useDomainConstraints>false</useDomainConstraints>
<use>1</use>
<logicalDatatype>LOGDT020</logicalDatatype>
<ownDataTypeParameters>,,</ownDataTypeParameters>
<autoIncrementCycle>false</autoIncrementCycle>
</Column>
<Column name="Multiplicador" id="040E5A30-7401-A9AD-E912-9AA69C53F8B7">
<createdBy>Usuario</createdBy>
<createdTime>2025-01-19 00:26:59 UTC</createdTime>
<generatorID>7BCA7C88-FB8C-87A2-4F4A-6D33D1D065B1</generatorID>
<ownerDesignName>EstructuraPrecios</ownerDesignName>
<useDomainConstraints>false</useDomainConstraints>
<use>1</use>
<logicalDatatype>LOGDT024</logicalDatatype>
<dataTypeSize>50 BYTE</dataTypeSize>
<ownDataTypeParameters>50 BYTE,,</ownDataTypeParameters>
<autoIncrementCycle>false</autoIncrementCycle>
</Column>
<Column name="NuevoPrecio" id="91D33FAF-DDCA-421B-AF95-7387F76BC8C3">
<createdBy>Usuario</createdBy>
<createdTime>2025-01-19 00:26:59 UTC</createdTime>
<generatorID>995820CE-9012-DEAD-8DAB-17777F52F34A</generatorID>
<ownerDesignName>EstructuraPrecios</ownerDesignName>
<useDomainConstraints>false</useDomainConstraints>
<use>1</use>
<logicalDatatype>LOGDT020</logicalDatatype>
<ownDataTypeParameters>,,</ownDataTypeParameters>
<autoIncrementCycle>false</autoIncrementCycle>
</Column>
<Column name="VentaTotal" id="A9F3FAAD-898D-146E-8081-22805283D005">
<createdBy>Usuario</createdBy>
<createdTime>2025-01-19 00:26:59 UTC</createdTime>
<generatorID>BC6702AE-1473-D410-365A-B2534360998E</generatorID>
<ownerDesignName>EstructuraPrecios</ownerDesignName>
<useDomainConstraints>false</useDomainConstraints>
<use>1</use>
<logicalDatatype>LOGDT019</logicalDatatype>
<dataTypePrecision>8</dataTypePrecision>
<ownDataTypeParameters>,8,</ownDataTypeParameters>
<autoIncrementCycle>false</autoIncrementCycle>
</Column>
<Column name="CapacidadID" id="0D44604E-D78B-4CDA-58D9-177B1AC422E2">
<createdBy>Usuario</createdBy>
<createdTime>2025-01-19 00:26:59 UTC</createdTime>
<generatorID>7F28DBF6-5F66-B186-5411-A9DF3BB775DC</generatorID>
<ownerDesignName>EstructuraPrecios</ownerDesignName>
<useDomainConstraints>false</useDomainConstraints>
<use>1</use>
<logicalDatatype>LOGDT019</logicalDatatype>
<dataTypePrecision>2</dataTypePrecision>
<ownDataTypeParameters>,,</ownDataTypeParameters>
<previousColumn>false</previousColumn>
<autoIncrementCycle>false</autoIncrementCycle>
<associations>
<colAssociation fkAssociation="C54BDE65-7818-711D-E027-EC9E3D2D0E09" referredColumn="CFC4901B-6F55-E902-C2E0-5E1A4D752C7D"/>
</associations>
</Column>
<Column name="FactorCompraID" id="8982B818-F074-3F33-5A8A-D6CF92650007">
<createdBy>Usuario</createdBy>
<createdTime>2025-01-19 00:26:59 UTC</createdTime>
<generatorID>1D4BB798-AAA3-9092-785C-0A41CA9E4702</generatorID>
<ownerDesignName>EstructuraPrecios</ownerDesignName>
<useDomainConstraints>false</useDomainConstraints>
<use>1</use>
<logicalDatatype>LOGDT019</logicalDatatype>
<dataTypePrecision>2</dataTypePrecision>
<ownDataTypeParameters>,,</ownDataTypeParameters>
<previousColumn>false</previousColumn>
<autoIncrementCycle>false</autoIncrementCycle>
<associations>
<colAssociation fkAssociation="A1BBA24D-7E58-8E91-7CDB-472D3FBD0C55" referredColumn="AD667885-8B59-5A0D-0D7E-00E85ABF18A9"/>
</associations>
</Column>
<Column name="TipoEntradaID" id="EC0351A9-08C3-A3CA-C16C-6F7265D799A7">
<createdBy>Usuario</createdBy>
<createdTime>2025-01-19 00:26:59 UTC</createdTime>
<generatorID>88AAAE9B-7675-2528-1E58-2FD5EB091E3D</generatorID>
<ownerDesignName>EstructuraPrecios</ownerDesignName>
<useDomainConstraints>false</useDomainConstraints>
<use>1</use>
<logicalDatatype>LOGDT019</logicalDatatype>
<dataTypePrecision>3</dataTypePrecision>
<ownDataTypeParameters>,,</ownDataTypeParameters>
<previousColumn>false</previousColumn>
<autoIncrementCycle>false</autoIncrementCycle>
<associations>
<colAssociation fkAssociation="504C2AF6-90AD-0C56-DE7B-BCE43FC9B151" referredColumn="A708E2F6-0007-BB46-8FDD-6D7C2F1216D9"/>
</associations>
</Column>
<Column name="ModeloID" id="9ABF4150-0089-99D2-E837-DBB37D539307">
<createdBy>Usuario</createdBy>
<createdTime>2025-01-19 00:26:59 UTC</createdTime>
<generatorID>8A28FCD6-FBF4-43D9-622F-B176E425F92A</generatorID>
<ownerDesignName>EstructuraPrecios</ownerDesignName>
<useDomainConstraints>false</useDomainConstraints>
<use>1</use>
<logicalDatatype>LOGDT019</logicalDatatype>
<dataTypePrecision>2</dataTypePrecision>
<ownDataTypeParameters>,,</ownDataTypeParameters>
<previousColumn>false</previousColumn>
<autoIncrementCycle>false</autoIncrementCycle>
<associations>
<colAssociation fkAssociation="07D4675D-3122-901B-2D7C-7DDA18B49B00" referredColumn="BECF6128-70A5-6FBB-4582-099C364EDAA5"/>
</associations>
</Column>
<Column name="CategoriaClienteID" id="B36DDB16-748C-8C4A-1B07-C17C2B2A8996">
<createdBy>Usuario</createdBy>
<createdTime>2025-01-19 00:26:59 UTC</createdTime>
<generatorID>0AB8A3FD-A969-E9D6-16E9-ADC2DDEEE7F4</generatorID>
<ownerDesignName>EstructuraPrecios</ownerDesignName>
<useDomainConstraints>false</useDomainConstraints>
<use>1</use>
<logicalDatatype>LOGDT019</logicalDatatype>
<dataTypePrecision>2</dataTypePrecision>
<ownDataTypeParameters>,,</ownDataTypeParameters>
<previousColumn>false</previousColumn>
<autoIncrementCycle>false</autoIncrementCycle>
<associations>
<colAssociation fkAssociation="3809CCAF-29E1-365F-7414-7E96F75CE7E6" referredColumn="2D9BE283-33CF-FF54-DE2B-24CB00D4CC82"/>
</associations>
</Column>
<Column name="TarifaID" id="A08F16B0-184F-5D19-C9DF-FB80444D7B50">
<createdBy>Usuario</createdBy>
<createdTime>2025-01-19 00:26:59 UTC</createdTime>
<generatorID>6D3641D2-7190-3136-A4BF-C9775F9FE03B</generatorID>
<ownerDesignName>EstructuraPrecios</ownerDesignName>
<useDomainConstraints>false</useDomainConstraints>
<use>1</use>
<logicalDatatype>LOGDT019</logicalDatatype>
<dataTypePrecision>2</dataTypePrecision>
<ownDataTypeParameters>,,</ownDataTypeParameters>
<previousColumn>false</previousColumn>
<autoIncrementCycle>false</autoIncrementCycle>
<associations>
<colAssociation fkAssociation="A6DE6BBB-E547-D88C-6442-EC54855A25D3" referredColumn="2AE2C34C-033D-FEAC-5402-3B953FFF34B2"/>
</associations>
</Column>
<Column name="TotalClientes" id="958C12AB-7DC7-86D8-398C-CE8DF57D2AEB">
<createdBy>Usuario</createdBy>
<createdTime>2025-01-19 00:26:59 UTC</createdTime>
<generatorID>68A17EB8-2A8F-9BFF-C872-D44244657123</generatorID>
<ownerDesignName>EstructuraPrecios</ownerDesignName>
<useDomainConstraints>false</useDomainConstraints>
<use>1</use>
<logicalDatatype>LOGDT019</logicalDatatype>
<dataTypePrecision>6</dataTypePrecision>
<ownDataTypeParameters>,6,</ownDataTypeParameters>
<autoIncrementCycle>false</autoIncrementCycle>
</Column>
<Column name="PorcentajeOcupacion" id="084918C1-E812-7DFF-A213-F4859C51997E">
<createdBy>Usuario</createdBy>
<createdTime>2025-01-19 00:26:59 UTC</createdTime>
<generatorID>0D574D89-FBCB-6A11-9A9E-20DB293C97A2</generatorID>
<ownerDesignName>EstructuraPrecios</ownerDesignName>
<useDomainConstraints>false</useDomainConstraints>
<use>1</use>
<logicalDatatype>LOGDT020</logicalDatatype>
<ownDataTypeParameters>,,</ownDataTypeParameters>
<autoIncrementCycle>false</autoIncrementCycle>
</Column>
<Column name="TipoFuncionID" id="0B3AB1EB-0F43-2EFA-119F-DFD82F3767DD">
<createdBy>Usuario</createdBy>
<createdTime>2025-01-19 00:26:59 UTC</createdTime>
<generatorID>257FF9E9-170A-2A86-A6E6-344AFC2DC67D</generatorID>
<ownerDesignName>EstructuraPrecios</ownerDesignName>
<useDomainConstraints>false</useDomainConstraints>
<use>1</use>
<logicalDatatype>LOGDT019</logicalDatatype>
<dataTypePrecision>2</dataTypePrecision>
<ownDataTypeParameters>,,</ownDataTypeParameters>
<previousColumn>false</previousColumn>
<autoIncrementCycle>false</autoIncrementCycle>
<associations>
<colAssociation fkAssociation="3C118BBD-E4B1-0C8B-BC8E-BF2CD51FA797" referredColumn="38F743EC-3DB9-2FA4-217E-943B9D90EE30"/>
</associations>
</Column>
</columns>
<indexes itemClass="oracle.dbtools.crest.model.design.relational.Index">
<ind_PK_UK id="E3977798-AC71-1147-A157-D8359A97A115" name="PK_Tabla_Ventas">
<createdBy>Usuario</createdBy>
<createdTime>2025-01-19 00:26:59 UTC</createdTime>
<generatorID>11A77D56-F32B-E2BD-9FE6-AC030476668B</generatorID>
<ownerDesignName>EstructuraPrecios</ownerDesignName>
<pk>true</pk>
<indexState>Primary Constraint</indexState>
<isSurrogateKey>false</isSurrogateKey>
<indexColumnUsage>
<colUsage columnID="EA6211EC-9B22-6D74-EA98-C75D290E31AC"/>
</indexColumnUsage>
</ind_PK_UK>
<ind_PK_UK id="1FBF9120-A4E2-C1CA-8338-99327267AD7F" name="FK_Ventas_Capacidad">
<createdBy>Usuario</createdBy>
<createdTime>2025-01-19 00:26:59 UTC</createdTime>
<generatorID>A5ED9040-DC8D-0246-7944-72AD30D68886</generatorID>
<ownerDesignName>EstructuraPrecios</ownerDesignName>
<indexState>Foreign Key</indexState>
<isSurrogateKey>false</isSurrogateKey>
<indexColumnUsage>
<colUsage columnID="0D44604E-D78B-4CDA-58D9-177B1AC422E2"/>
</indexColumnUsage>
</ind_PK_UK>
<ind_PK_UK id="EAC2F9F7-C609-5E76-0CA4-0831E433B788" name="FK_Ventas_CategoriaCliente">
<createdBy>Usuario</createdBy>
<createdTime>2025-01-19 00:26:59 UTC</createdTime>
<generatorID>B279DC3E-1E82-AF6D-9061-9B994BF1F932</generatorID>
<ownerDesignName>EstructuraPrecios</ownerDesignName>
<indexState>Foreign Key</indexState>
<isSurrogateKey>false</isSurrogateKey>
<indexColumnUsage>
<colUsage columnID="B36DDB16-748C-8C4A-1B07-C17C2B2A8996"/>
</indexColumnUsage>
</ind_PK_UK>
<ind_PK_UK id="F2630C2A-6B95-AB3E-05D9-21DAE8987E23" name="FK_Ventas_FactorCompra">
<createdBy>Usuario</createdBy>
<createdTime>2025-01-19 00:26:59 UTC</createdTime>
<generatorID>7F804462-71B0-55C2-41BB-A5744490638D</generatorID>
<ownerDesignName>EstructuraPrecios</ownerDesignName>
<indexState>Foreign Key</indexState>
<isSurrogateKey>false</isSurrogateKey>
<indexColumnUsage>
<colUsage columnID="8982B818-F074-3F33-5A8A-D6CF92650007"/>
</indexColumnUsage>
</ind_PK_UK>
<ind_PK_UK id="4B6E4D68-ADD9-7CFD-E487-6B9C4F098682" name="FK_Ventas_Funcion">
<createdBy>Usuario</createdBy>
<createdTime>2025-01-19 00:26:59 UTC</createdTime>
<generatorID>DAAE7328-2BC2-B754-36FF-91B6904753F5</generatorID>
<ownerDesignName>EstructuraPrecios</ownerDesignName>
<indexState>Foreign Key</indexState>
<isSurrogateKey>false</isSurrogateKey>
<indexColumnUsage>
<colUsage columnID="0B3AB1EB-0F43-2EFA-119F-DFD82F3767DD"/>
</indexColumnUsage>
</ind_PK_UK>
<ind_PK_UK id="A0D2E393-5E84-03E2-F2C8-297DC0FF3988" name="FK_Ventas_Modelo">
<createdBy>Usuario</createdBy>
<createdTime>2025-01-19 00:26:59 UTC</createdTime>
<generatorID>58392BBD-AE26-A0B3-FB81-F7E511283F6E</generatorID>
<ownerDesignName>EstructuraPrecios</ownerDesignName>
<indexState>Foreign Key</indexState>
<isSurrogateKey>false</isSurrogateKey>
<indexColumnUsage>
<colUsage columnID="9ABF4150-0089-99D2-E837-DBB37D539307"/>
</indexColumnUsage>
</ind_PK_UK>
<ind_PK_UK id="719C3827-C4EA-3902-2527-6CEB3397DF94" name="FK_Ventas_TipoEntrada">
<createdBy>Usuario</createdBy>
<createdTime>2025-01-19 00:26:59 UTC</createdTime>
<generatorID>69F48F42-9516-9224-628A-277145748A86</generatorID>
<ownerDesignName>EstructuraPrecios</ownerDesignName>
<indexState>Foreign Key</indexState>
<isSurrogateKey>false</isSurrogateKey>
<indexColumnUsage>
<colUsage columnID="EC0351A9-08C3-A3CA-C16C-6F7265D799A7"/>
</indexColumnUsage>
</ind_PK_UK>
<ind_PK_UK id="45D95FB2-0161-D069-B667-E557412CC4F4" name="FK_Ventas_TipoTarifa">
<createdBy>Usuario</createdBy>
<createdTime>2025-01-19 00:26:59 UTC</createdTime>
<generatorID>822C73D1-89F4-5016-87B3-F93D3B0EC7E7</generatorID>
<ownerDesignName>EstructuraPrecios</ownerDesignName>
<indexState>Foreign Key</indexState>
<isSurrogateKey>false</isSurrogateKey>
<indexColumnUsage>
<colUsage columnID="A08F16B0-184F-5D19-C9DF-FB80444D7B50"/>
</indexColumnUsage>
</ind_PK_UK>
</indexes>
</Table>