<?xml version = '1.0' encoding = 'UTF-8'?>
<Table class="oracle.dbtools.crest.model.design.relational.Table" directorySegmentName="seg_0" id="27E80757-3A6C-CCF7-3B20-20E6C402C61C" name="Tabla_Sala">
<createdBy>Usuario</createdBy>
<createdTime>2025-01-19 00:26:59 UTC</createdTime>
<generatorID>8C2D3561-EE1E-403B-5DC0-D971705952F3</generatorID>
<ownerDesignName>EstructuraPrecios</ownerDesignName>
<allowColumnReorder>false</allowColumnReorder>
<existDependencyGenerateInDDl>true</existDependencyGenerateInDDl>
<parsed>true</parsed>
<columns itemClass="oracle.dbtools.crest.model.design.relational.Column">
<Column name="SalaID" id="B73B6019-CBC3-3719-0635-968CB2D11192">
<createdBy>Usuario</createdBy>
<createdTime>2025-01-19 00:26:59 UTC</createdTime>
<generatorID>E1E763DC-C650-E7B3-964C-B6F26E640E9F</generatorID>
<ownerDesignName>EstructuraPrecios</ownerDesignName>
<useDomainConstraints>false</useDomainConstraints>
<use>1</use>
<logicalDatatype>LOGDT019</logicalDatatype>
<dataTypePrecision>2</dataTypePrecision>
<ownDataTypeParameters>,2,</ownDataTypeParameters>
<autoIncrementCycle>false</autoIncrementCycle>
</Column>
<Column name="CapacidadPromedio" id="5F907028-B2F8-F85D-0FD2-116081B94BE3">
<createdBy>Usuario</createdBy>
<createdTime>2025-01-19 00:26:59 UTC</createdTime>
<generatorID>3062CA9C-8F6A-7790-221E-EF2C4665842B</generatorID>
<ownerDesignName>EstructuraPrecios</ownerDesignName>
<useDomainConstraints>false</useDomainConstraints>
<use>1</use>
<logicalDatatype>LOGDT019</logicalDatatype>
<dataTypePrecision>2</dataTypePrecision>
<ownDataTypeParameters>,2,</ownDataTypeParameters>
<autoIncrementCycle>false</autoIncrementCycle>
</Column>
<Column name="CapacidadSalaID" id="AD059564-EF0D-6414-AB45-DD3313F2F921">
<createdBy>Usuario</createdBy>
<createdTime>2025-01-19 00:26:59 UTC</createdTime>
<generatorID>D3DFD65D-4B58-3FC9-5D0E-DDE7CD57C916</generatorID>
<ownerDesignName>EstructuraPrecios</ownerDesignName>
<useDomainConstraints>false</useDomainConstraints>
<use>1</use>
<logicalDatatype>LOGDT019</logicalDatatype>
<dataTypePrecision>2</dataTypePrecision>
<ownDataTypeParameters>,,</ownDataTypeParameters>
<previousColumn>false</previousColumn>
<autoIncrementCycle>false</autoIncrementCycle>
<associations>
<colAssociation fkAssociation="B746D9C9-C45A-9E0D-CFAE-CF9463EA258E" referredColumn="844E2366-CCEF-BB20-188D-7D09B7091153"/>
</associations>
</Column>
</columns>
<indexes itemClass="oracle.dbtools.crest.model.design.relational.Index">
<ind_PK_UK id="5AC56046-114C-5ABC-AD8C-9F739F17F595" name="PK_Sala">
<createdBy>Usuario</createdBy>
<createdTime>2025-01-19 00:26:59 UTC</createdTime>
<generatorID>59427F67-243F-DDFB-404E-9E7D89BDB18B</generatorID>
<ownerDesignName>EstructuraPrecios</ownerDesignName>
<pk>true</pk>
<indexState>Primary Constraint</indexState>
<isSurrogateKey>false</isSurrogateKey>
<indexColumnUsage>
<colUsage columnID="B73B6019-CBC3-3719-0635-968CB2D11192"/>
</indexColumnUsage>
</ind_PK_UK>
<ind_PK_UK id="D38B547C-D412-1112-F061-EBB9D8DF0119" name="FK_Sala_CapacidadSala">
<createdBy>Usuario</createdBy>
<createdTime>2025-01-19 00:26:59 UTC</createdTime>
<generatorID>E26FBC3A-3DD5-2110-3ADD-AF2D1FC2B608</generatorID>
<ownerDesignName>EstructuraPrecios</ownerDesignName>
<indexState>Foreign Key</indexState>
<isSurrogateKey>false</isSurrogateKey>
<indexColumnUsage>
<colUsage columnID="AD059564-EF0D-6414-AB45-DD3313F2F921"/>
</indexColumnUsage>
</ind_PK_UK>
</indexes>
</Table>