<?xml version = '1.0' encoding = 'UTF-8'?>
<Table class="oracle.dbtools.crest.model.design.relational.Table" directorySegmentName="seg_0" id="30696454-888F-9FF5-62DB-045B11FE36CC" name="Tabla_Capacidad">
<createdBy>Usuario</createdBy>
<createdTime>2025-01-19 00:26:59 UTC</createdTime>
<generatorID>34E614FC-C0DE-BBDF-D348-3914A5F1C96E</generatorID>
<ownerDesignName>EstructuraPrecios</ownerDesignName>
<allowColumnReorder>false</allowColumnReorder>
<existDependencyGenerateInDDl>true</existDependencyGenerateInDDl>
<parsed>true</parsed>
<columns itemClass="oracle.dbtools.crest.model.design.relational.Column">
<Column name="CapacidadID" id="CFC4901B-6F55-E902-C2E0-5E1A4D752C7D">
<createdBy>Usuario</createdBy>
<createdTime>2025-01-19 00:26:59 UTC</createdTime>
<generatorID>5CC4B6BF-F312-069D-07A7-0C7E8BE250EC</generatorID>
<ownerDesignName>EstructuraPrecios</ownerDesignName>
<useDomainConstraints>false</useDomainConstraints>
<use>1</use>
<logicalDatatype>LOGDT019</logicalDatatype>
<dataTypePrecision>2</dataTypePrecision>
<ownDataTypeParameters>,2,</ownDataTypeParameters>
<autoIncrementCycle>false</autoIncrementCycle>
</Column>
<Column name="CapacidadDiaria" id="7ADB2952-49EF-9588-5ECA-DBED6A3E29B8">
<createdBy>Usuario</createdBy>
<createdTime>2025-01-19 00:26:59 UTC</createdTime>
<generatorID>87B4C27C-55BB-4C1E-7C1E-193BC398D7DE</generatorID>
<ownerDesignName>EstructuraPrecios</ownerDesignName>
<useDomainConstraints>false</useDomainConstraints>
<use>1</use>
<logicalDatatype>LOGDT019</logicalDatatype>
<dataTypePrecision>4</dataTypePrecision>
<ownDataTypeParameters>,4,</ownDataTypeParameters>
<autoIncrementCycle>false</autoIncrementCycle>
</Column>
<Column name="CapacidadAnual" id="FE851302-72F8-1308-31C3-609F72674C1B">
<createdBy>Usuario</createdBy>
<createdTime>2025-01-19 00:26:59 UTC</createdTime>
<generatorID>95B0B961-2406-C4E9-DE12-B60883805A2E</generatorID>
<ownerDesignName>EstructuraPrecios</ownerDesignName>
<useDomainConstraints>false</useDomainConstraints>
<use>1</use>
<logicalDatatype>LOGDT019</logicalDatatype>
<dataTypePrecision>8</dataTypePrecision>
<ownDataTypeParameters>,8,</ownDataTypeParameters>
<autoIncrementCycle>false</autoIncrementCycle>
</Column>
<Column name="FuncionDiaID" id="3D5E8BCB-CF00-9D9F-4AE9-F3CD57A052EC">
<createdBy>Usuario</createdBy>
<createdTime>2025-01-19 00:26:59 UTC</createdTime>
<generatorID>A974A7CF-3730-9293-F919-35F2D0FEFF74</generatorID>
<ownerDesignName>EstructuraPrecios</ownerDesignName>
<useDomainConstraints>false</useDomainConstraints>
<use>1</use>
<logicalDatatype>LOGDT019</logicalDatatype>
<dataTypePrecision>2</dataTypePrecision>
<ownDataTypeParameters>,,</ownDataTypeParameters>
<previousColumn>false</previousColumn>
<autoIncrementCycle>false</autoIncrementCycle>
<associations>
<colAssociation fkAssociation="5B1FBA27-8F1B-1D8B-7B7A-B5CB5B3BA7B7" referredColumn="B9B71F8B-45E9-FA6E-05EA-E593D4B51C71"/>
</associations>
</Column>
<Column name="SalaID" id="1F9F702E-F998-0B65-E38E-D183D024E834">
<createdBy>Usuario</createdBy>
<createdTime>2025-01-19 00:26:59 UTC</createdTime>
<generatorID>1C753557-8225-EE97-7EDC-4B9E4979D8D6</generatorID>
<ownerDesignName>EstructuraPrecios</ownerDesignName>
<useDomainConstraints>false</useDomainConstraints>
<use>1</use>
<logicalDatatype>LOGDT019</logicalDatatype>
<dataTypePrecision>2</dataTypePrecision>
<ownDataTypeParameters>,,</ownDataTypeParameters>
<previousColumn>false</previousColumn>
<autoIncrementCycle>false</autoIncrementCycle>
<associations>
<colAssociation fkAssociation="20E615DE-5C6C-72E2-63F2-3BD9C73F0BC9" referredColumn="B73B6019-CBC3-3719-0635-968CB2D11192"/>
</associations>
</Column>
</columns>
<indexes itemClass="oracle.dbtools.crest.model.design.relational.Index">
<ind_PK_UK id="3DBFACF8-96BE-0696-BA8B-50E54E29C095" name="PK_Capacidad">
<createdBy>Usuario</createdBy>
<createdTime>2025-01-19 00:26:59 UTC</createdTime>
<generatorID>4B9170BE-432B-C146-FCAE-0934226A0BCD</generatorID>
<ownerDesignName>EstructuraPrecios</ownerDesignName>
<pk>true</pk>
<indexState>Primary Constraint</indexState>
<isSurrogateKey>false</isSurrogateKey>
<indexColumnUsage>
<colUsage columnID="CFC4901B-6F55-E902-C2E0-5E1A4D752C7D"/>
</indexColumnUsage>
</ind_PK_UK>
<ind_PK_UK id="27E20F1A-57BC-3CBC-2B3E-DB4E44182D91" name="FK_Capacidad_FuncionDia">
<createdBy>Usuario</createdBy>
<createdTime>2025-01-19 00:26:59 UTC</createdTime>
<generatorID>8D361C7C-FC98-0FF0-A05B-444ED76A1477</generatorID>
<ownerDesignName>EstructuraPrecios</ownerDesignName>
<indexState>Foreign Key</indexState>
<isSurrogateKey>false</isSurrogateKey>
<indexColumnUsage>
<colUsage columnID="3D5E8BCB-CF00-9D9F-4AE9-F3CD57A052EC"/>
</indexColumnUsage>
</ind_PK_UK>
<ind_PK_UK id="70ED32C0-1D91-F1B4-2C31-7022EA95E1D5" name="FK_Capacidad_Sala">
<createdBy>Usuario</createdBy>
<createdTime>2025-01-19 00:26:59 UTC</createdTime>
<generatorID>41A3DF03-0872-18C6-9144-B60EDA64B47A</generatorID>
<ownerDesignName>EstructuraPrecios</ownerDesignName>
<indexState>Foreign Key</indexState>
<isSurrogateKey>false</isSurrogateKey>
<indexColumnUsage>
<colUsage columnID="1F9F702E-F998-0B65-E38E-D183D024E834"/>
</indexColumnUsage>
</ind_PK_UK>
</indexes>
</Table>