<?xml version = '1.0' encoding = 'UTF-8'?>
<Table class="oracle.dbtools.crest.model.design.relational.Table" directorySegmentName="seg_0" id="4398FBDF-708E-02C8-A0F2-BEC493057B85" name="Tabla_Funcion">
<createdBy>Usuario</createdBy>
<createdTime>2025-01-19 00:26:59 UTC</createdTime>
<generatorID>302117B3-942E-957B-0FBD-6C700E240C16</generatorID>
<ownerDesignName>EstructuraPrecios</ownerDesignName>
<allowColumnReorder>false</allowColumnReorder>
<existDependencyGenerateInDDl>true</existDependencyGenerateInDDl>
<parsed>true</parsed>
<columns itemClass="oracle.dbtools.crest.model.design.relational.Column">
<Column name="TipoFuncionID" id="38F743EC-3DB9-2FA4-217E-943B9D90EE30">
<createdBy>Usuario</createdBy>
<createdTime>2025-01-19 00:26:59 UTC</createdTime>
<generatorID>3C651627-5425-21EB-4FFA-44EE26010B42</generatorID>
<ownerDesignName>EstructuraPrecios</ownerDesignName>
<useDomainConstraints>false</useDomainConstraints>
<use>1</use>
<logicalDatatype>LOGDT019</logicalDatatype>
<dataTypePrecision>2</dataTypePrecision>
<ownDataTypeParameters>,2,</ownDataTypeParameters>
<autoIncrementCycle>false</autoIncrementCycle>
</Column>
<Column name="NombreFuncion" id="9D2CFB03-DD66-7F96-CE9C-2DD50767301A">
<createdBy>Usuario</createdBy>
<createdTime>2025-01-19 00:26:59 UTC</createdTime>
<generatorID>E400691C-59EE-BD79-40BC-8D7538EECD88</generatorID>
<ownerDesignName>EstructuraPrecios</ownerDesignName>
<useDomainConstraints>false</useDomainConstraints>
<use>1</use>
<logicalDatatype>LOGDT024</logicalDatatype>
<dataTypeSize>200 BYTE</dataTypeSize>
<ownDataTypeParameters>200 BYTE,,</ownDataTypeParameters>
<autoIncrementCycle>false</autoIncrementCycle>
</Column>
</columns>
<indexes itemClass="oracle.dbtools.crest.model.design.relational.Index">
<ind_PK_UK id="0C10B931-AD06-5F7C-D560-A117F9216B15" name="PK_Funcion">
<createdBy>Usuario</createdBy>
<createdTime>2025-01-19 00:26:59 UTC</createdTime>
<generatorID>22602970-3C1F-E911-EBB0-5E3985E76C19</generatorID>
<ownerDesignName>EstructuraPrecios</ownerDesignName>
<pk>true</pk>
<indexState>Primary Constraint</indexState>
<isSurrogateKey>false</isSurrogateKey>
<indexColumnUsage>
<colUsage columnID="38F743EC-3DB9-2FA4-217E-943B9D90EE30"/>
</indexColumnUsage>
</ind_PK_UK>
</indexes>
</Table>