<?xml version = '1.0' encoding = 'UTF-8'?>
<Table class="oracle.dbtools.crest.model.design.relational.Table" directorySegmentName="seg_0" id="4EFFA3A4-A57E-6E56-E649-B47525FADCEC" name="Tabla_Modelo">
<createdBy>Usuario</createdBy>
<createdTime>2025-01-19 00:26:59 UTC</createdTime>
<generatorID>C24C6010-A7E3-39E4-8A20-0CC08BE0E4AB</generatorID>
<ownerDesignName>EstructuraPrecios</ownerDesignName>
<allowColumnReorder>false</allowColumnReorder>
<existDependencyGenerateInDDl>true</existDependencyGenerateInDDl>
<parsed>true</parsed>
<columns itemClass="oracle.dbtools.crest.model.design.relational.Column">
<Column name="ModeloID" id="BECF6128-70A5-6FBB-4582-099C364EDAA5">
<createdBy>Usuario</createdBy>
<createdTime>2025-01-19 00:26:59 UTC</createdTime>
<generatorID>BF0CAAFD-DF72-6597-1DBB-7F2C23A86529</generatorID>
<ownerDesignName>EstructuraPrecios</ownerDesignName>
<useDomainConstraints>false</useDomainConstraints>
<use>1</use>
<logicalDatatype>LOGDT019</logicalDatatype>
<dataTypePrecision>2</dataTypePrecision>
<ownDataTypeParameters>,2,</ownDataTypeParameters>
<autoIncrementCycle>false</autoIncrementCycle>
</Column>
<Column name="NombreModelo" id="C664B569-2F09-396F-CC6B-03D77FB14284">
<createdBy>Usuario</createdBy>
<createdTime>2025-01-19 00:26:59 UTC</createdTime>
<generatorID>F8A02D16-BB1B-B95F-9962-125670907CE2</generatorID>
<ownerDesignName>EstructuraPrecios</ownerDesignName>
<useDomainConstraints>false</useDomainConstraints>
<use>1</use>
<logicalDatatype>LOGDT024</logicalDatatype>
<dataTypeSize>200 BYTE</dataTypeSize>
<ownDataTypeParameters>200 BYTE,,</ownDataTypeParameters>
<autoIncrementCycle>false</autoIncrementCycle>
</Column>
</columns>
<indexes itemClass="oracle.dbtools.crest.model.design.relational.Index">
<ind_PK_UK id="BDDD5A20-0B43-5063-8B4E-369848E147D8" name="PK_Modelo">
<createdBy>Usuario</createdBy>
<createdTime>2025-01-19 00:26:59 UTC</createdTime>
<generatorID>2BD1B4F9-12ED-E8C5-2CD5-3680228225F0</generatorID>
<ownerDesignName>EstructuraPrecios</ownerDesignName>
<pk>true</pk>
<indexState>Primary Constraint</indexState>
<isSurrogateKey>false</isSurrogateKey>
<indexColumnUsage>
<colUsage columnID="BECF6128-70A5-6FBB-4582-099C364EDAA5"/>
</indexColumnUsage>
</ind_PK_UK>
</indexes>
</Table>