<?xml version = '1.0' encoding = 'UTF-8'?>
<Table class="oracle.dbtools.crest.model.design.relational.Table" directorySegmentName="seg_0" id="7B6924C1-353F-1BCA-CE50-2C654EFF74A3" name="Tabla_Factor_Compra">
<createdBy>Usuario</createdBy>
<createdTime>2025-01-19 00:26:59 UTC</createdTime>
<generatorID>75FA4F94-92EA-972D-A6B8-2B21CB75F265</generatorID>
<ownerDesignName>EstructuraPrecios</ownerDesignName>
<allowColumnReorder>false</allowColumnReorder>
<existDependencyGenerateInDDl>true</existDependencyGenerateInDDl>
<parsed>true</parsed>
<columns itemClass="oracle.dbtools.crest.model.design.relational.Column">
<Column name="FactorCompraID" id="AD667885-8B59-5A0D-0D7E-00E85ABF18A9">
<createdBy>Usuario</createdBy>
<createdTime>2025-01-19 00:26:59 UTC</createdTime>
<generatorID>26FF4399-9C94-FA05-BC9E-2266D9B967A0</generatorID>
<ownerDesignName>EstructuraPrecios</ownerDesignName>
<useDomainConstraints>false</useDomainConstraints>
<use>1</use>
<logicalDatatype>LOGDT019</logicalDatatype>
<dataTypePrecision>2</dataTypePrecision>
<ownDataTypeParameters>,2,</ownDataTypeParameters>
<autoIncrementCycle>false</autoIncrementCycle>
</Column>
<Column name="FactorCompra" id="B1580470-D6FC-4DBC-5773-CFCFCF4EA901">
<createdBy>Usuario</createdBy>
<createdTime>2025-01-19 00:26:59 UTC</createdTime>
<generatorID>31B3D87F-56A8-7FE5-40DD-81A420D4338F</generatorID>
<ownerDesignName>EstructuraPrecios</ownerDesignName>
<useDomainConstraints>false</useDomainConstraints>
<use>1</use>
<logicalDatatype>LOGDT024</logicalDatatype>
<dataTypeSize>200 BYTE</dataTypeSize>
<ownDataTypeParameters>200 BYTE,,</ownDataTypeParameters>
<autoIncrementCycle>false</autoIncrementCycle>
</Column>
<Column name="FactorID" id="CDE31251-C92C-6654-BE88-274A2E97923D">
<createdBy>Usuario</createdBy>
<createdTime>2025-01-19 00:26:59 UTC</createdTime>
<generatorID>B7143458-C6BC-84E7-0D1D-BC4FF43761B2</generatorID>
<ownerDesignName>EstructuraPrecios</ownerDesignName>
<useDomainConstraints>false</useDomainConstraints>
<use>1</use>
<logicalDatatype>LOGDT019</logicalDatatype>
<dataTypePrecision>2</dataTypePrecision>
<ownDataTypeParameters>,,</ownDataTypeParameters>
<previousColumn>false</previousColumn>
<autoIncrementCycle>false</autoIncrementCycle>
<associations>
<colAssociation fkAssociation="9784F832-8757-DCA2-CBC2-784FE77ED81F" referredColumn="A2AF8E43-15E8-E5AD-57DC-3DA3D2DB8FF6"/>
</associations>
</Column>
</columns>
<indexes itemClass="oracle.dbtools.crest.model.design.relational.Index">
<ind_PK_UK id="2077A535-590F-C66D-8F63-76CED88AB7B2" name="PK_FactorCompra">
<createdBy>Usuario</createdBy>
<createdTime>2025-01-19 00:26:59 UTC</createdTime>
<generatorID>CB469957-D699-90D3-5650-7E941EE6E734</generatorID>
<ownerDesignName>EstructuraPrecios</ownerDesignName>
<pk>true</pk>
<indexState>Primary Constraint</indexState>
<isSurrogateKey>false</isSurrogateKey>
<indexColumnUsage>
<colUsage columnID="AD667885-8B59-5A0D-0D7E-00E85ABF18A9"/>
</indexColumnUsage>
</ind_PK_UK>
<ind_PK_UK id="2208C619-E3BC-325B-4915-C88A89DC61F4" name="FK_FactorCompra_Factor">
<createdBy>Usuario</createdBy>
<createdTime>2025-01-19 00:26:59 UTC</createdTime>
<generatorID>5351D7FF-771E-9FB7-E494-96BD7768DAA5</generatorID>
<ownerDesignName>EstructuraPrecios</ownerDesignName>
<indexState>Foreign Key</indexState>
<isSurrogateKey>false</isSurrogateKey>
<indexColumnUsage>
<colUsage columnID="CDE31251-C92C-6654-BE88-274A2E97923D"/>
</indexColumnUsage>
</ind_PK_UK>
</indexes>
</Table>