<?xml version = '1.0' encoding = 'UTF-8'?>
<Table class="oracle.dbtools.crest.model.design.relational.Table" directorySegmentName="seg_0" id="7C7E8D9D-948A-06B7-C5A6-6135375DBEFF" name="Tabla_Capacidad_Sala">
<createdBy>Usuario</createdBy>
<createdTime>2025-01-19 00:26:59 UTC</createdTime>
<generatorID>CC09D53D-0286-E9DD-4C97-486C526932A2</generatorID>
<ownerDesignName>EstructuraPrecios</ownerDesignName>
<allowColumnReorder>false</allowColumnReorder>
<existDependencyGenerateInDDl>true</existDependencyGenerateInDDl>
<parsed>true</parsed>
<columns itemClass="oracle.dbtools.crest.model.design.relational.Column">
<Column name="CapacidadSalaID" id="844E2366-CCEF-BB20-188D-7D09B7091153">
<createdBy>Usuario</createdBy>
<createdTime>2025-01-19 00:26:59 UTC</createdTime>
<generatorID>BEDCDE3D-E4EA-525F-D597-BBF51DA16318</generatorID>
<ownerDesignName>EstructuraPrecios</ownerDesignName>
<useDomainConstraints>false</useDomainConstraints>
<use>1</use>
<logicalDatatype>LOGDT019</logicalDatatype>
<dataTypePrecision>2</dataTypePrecision>
<ownDataTypeParameters>,2,</ownDataTypeParameters>
<autoIncrementCycle>false</autoIncrementCycle>
</Column>
<Column name="NumeroSalas" id="302FE617-E36B-D840-4ECE-E7B405F54E1E">
<createdBy>Usuario</createdBy>
<createdTime>2025-01-19 00:26:59 UTC</createdTime>
<generatorID>48003252-8E9A-9264-F322-CFF2DDD52AE8</generatorID>
<ownerDesignName>EstructuraPrecios</ownerDesignName>
<useDomainConstraints>false</useDomainConstraints>
<use>1</use>
<logicalDatatype>LOGDT019</logicalDatatype>
<dataTypePrecision>3</dataTypePrecision>
<ownDataTypeParameters>,3,</ownDataTypeParameters>
<autoIncrementCycle>false</autoIncrementCycle>
</Column>
<Column name="EmpresaID" id="C628ADEB-9644-154E-A412-2625DABCE7C7">
<createdBy>Usuario</createdBy>
<createdTime>2025-01-19 00:26:59 UTC</createdTime>
<generatorID>E1D8CC23-3806-6AC9-D6B1-C66E03BB856E</generatorID>
<ownerDesignName>EstructuraPrecios</ownerDesignName>
<useDomainConstraints>false</useDomainConstraints>
<use>1</use>
<logicalDatatype>LOGDT019</logicalDatatype>
<dataTypePrecision>2</dataTypePrecision>
<ownDataTypeParameters>,,</ownDataTypeParameters>
<previousColumn>false</previousColumn>
<autoIncrementCycle>false</autoIncrementCycle>
<associations>
<colAssociation fkAssociation="D000FA8F-23C1-E006-8EF0-973133A273B6" referredColumn="3F802053-38F6-0ACF-9E18-EF8D7D44DF8E"/>
</associations>
</Column>
</columns>
<indexes itemClass="oracle.dbtools.crest.model.design.relational.Index">
<ind_PK_UK id="3D427603-78A1-9F1B-88BE-0A9D6E7D8B9E" name="PK_CapacidadSala">
<createdBy>Usuario</createdBy>
<createdTime>2025-01-19 00:26:59 UTC</createdTime>
<generatorID>D5AD2AC2-50C9-DED6-EE0C-969A4601CE9C</generatorID>
<ownerDesignName>EstructuraPrecios</ownerDesignName>
<pk>true</pk>
<indexState>Primary Constraint</indexState>
<isSurrogateKey>false</isSurrogateKey>
<indexColumnUsage>
<colUsage columnID="844E2366-CCEF-BB20-188D-7D09B7091153"/>
</indexColumnUsage>
</ind_PK_UK>
<ind_PK_UK id="F3745F72-74E4-395C-6C52-E3B34706CE55" name="FK_CapacidadSala_Empresa">
<createdBy>Usuario</createdBy>
<createdTime>2025-01-19 00:26:59 UTC</createdTime>
<generatorID>D825EDCD-B0C8-6352-79A2-8177FA8FAD41</generatorID>
<ownerDesignName>EstructuraPrecios</ownerDesignName>
<indexState>Foreign Key</indexState>
<isSurrogateKey>false</isSurrogateKey>
<indexColumnUsage>
<colUsage columnID="C628ADEB-9644-154E-A412-2625DABCE7C7"/>
</indexColumnUsage>
</ind_PK_UK>
</indexes>
</Table>