<?xml version = '1.0' encoding = 'UTF-8'?>
<Table class="oracle.dbtools.crest.model.design.relational.Table" directorySegmentName="seg_0" id="8BF32944-AD1B-005E-3BE2-04A02C9C1345" name="Tabla_Categoria_Cliente">
<createdBy>Usuario</createdBy>
<createdTime>2025-01-19 00:26:59 UTC</createdTime>
<generatorID>AFA9CFA7-967E-8688-5850-F004CB6876ED</generatorID>
<ownerDesignName>EstructuraPrecios</ownerDesignName>
<allowColumnReorder>false</allowColumnReorder>
<existDependencyGenerateInDDl>true</existDependencyGenerateInDDl>
<parsed>true</parsed>
<columns itemClass="oracle.dbtools.crest.model.design.relational.Column">
<Column name="CategoriaClienteID" id="2D9BE283-33CF-FF54-DE2B-24CB00D4CC82">
<createdBy>Usuario</createdBy>
<createdTime>2025-01-19 00:26:59 UTC</createdTime>
<generatorID>0A7AAAFF-F373-1F52-8BCB-88EDA95227BF</generatorID>
<ownerDesignName>EstructuraPrecios</ownerDesignName>
<useDomainConstraints>false</useDomainConstraints>
<use>1</use>
<logicalDatatype>LOGDT019</logicalDatatype>
<dataTypePrecision>2</dataTypePrecision>
<ownDataTypeParameters>,2,</ownDataTypeParameters>
<autoIncrementCycle>false</autoIncrementCycle>
</Column>
<Column name="NombreCategoria" id="8273A0A2-5CA6-DC37-0D78-70B7F8CE5C33">
<createdBy>Usuario</createdBy>
<createdTime>2025-01-19 00:26:59 UTC</createdTime>
<generatorID>60F92752-8A59-627B-ACCF-AA2ED7CA3A9D</generatorID>
<ownerDesignName>EstructuraPrecios</ownerDesignName>
<useDomainConstraints>false</useDomainConstraints>
<use>1</use>
<logicalDatatype>LOGDT024</logicalDatatype>
<dataTypeSize>200 BYTE</dataTypeSize>
<ownDataTypeParameters>200 BYTE,,</ownDataTypeParameters>
<autoIncrementCycle>false</autoIncrementCycle>
</Column>
</columns>
<indexes itemClass="oracle.dbtools.crest.model.design.relational.Index">
<ind_PK_UK id="FA7BA363-6DFB-088C-D96D-E4BC3F556C87" name="PK_CategoriaCliente">
<createdBy>Usuario</createdBy>
<createdTime>2025-01-19 00:26:59 UTC</createdTime>
<generatorID>04FEB680-0896-810F-0EBE-F7F5EA9946A1</generatorID>
<ownerDesignName>EstructuraPrecios</ownerDesignName>
<pk>true</pk>
<indexState>Primary Constraint</indexState>
<isSurrogateKey>false</isSurrogateKey>
<indexColumnUsage>
<colUsage columnID="2D9BE283-33CF-FF54-DE2B-24CB00D4CC82"/>
</indexColumnUsage>
</ind_PK_UK>
</indexes>
</Table>