<?xml version = '1.0' encoding = 'UTF-8'?>
<Table class="oracle.dbtools.crest.model.design.relational.Table" directorySegmentName="seg_0" id="C6798E0D-B067-D05A-6198-B5EDDC151E1C" name="Tabla_Empresa">
<createdBy>Usuario</createdBy>
<createdTime>2025-01-19 00:26:59 UTC</createdTime>
<generatorID>DE1A239E-ACB0-CBFC-AF18-18699AAA858E</generatorID>
<ownerDesignName>EstructuraPrecios</ownerDesignName>
<allowColumnReorder>false</allowColumnReorder>
<existDependencyGenerateInDDl>true</existDependencyGenerateInDDl>
<parsed>true</parsed>
<columns itemClass="oracle.dbtools.crest.model.design.relational.Column">
<Column name="EmpresaID" id="3F802053-38F6-0ACF-9E18-EF8D7D44DF8E">
<createdBy>Usuario</createdBy>
<createdTime>2025-01-19 00:26:59 UTC</createdTime>
<generatorID>3BC62428-8A55-F62C-977D-A40F64D629CB</generatorID>
<ownerDesignName>EstructuraPrecios</ownerDesignName>
<useDomainConstraints>false</useDomainConstraints>
<use>1</use>
<logicalDatatype>LOGDT019</logicalDatatype>
<dataTypePrecision>2</dataTypePrecision>
<ownDataTypeParameters>,2,</ownDataTypeParameters>
<autoIncrementCycle>false</autoIncrementCycle>
</Column>
<Column name="NombreEmpresa" id="8BEE9060-BA87-7774-F8F5-20A1494C5DE0">
<createdBy>Usuario</createdBy>
<createdTime>2025-01-19 00:26:59 UTC</createdTime>
<generatorID>EE5EF120-A8EE-38DD-ED2F-315EEC492A85</generatorID>
<ownerDesignName>EstructuraPrecios</ownerDesignName>
<useDomainConstraints>false</useDomainConstraints>
<use>1</use>
<logicalDatatype>LOGDT024</logicalDatatype>
<dataTypeSize>200 BYTE</dataTypeSize>
<ownDataTypeParameters>200 BYTE,,</ownDataTypeParameters>
<autoIncrementCycle>false</autoIncrementCycle>
</Column>
</columns>
<indexes itemClass="oracle.dbtools.crest.model.design.relational.Index">
<ind_PK_UK id="5C0EF6A3-E6B7-5820-01AE-D71911B7E7C0" name="PK_Empresa">
<createdBy>Usuario</createdBy>
<createdTime>2025-01-19 00:26:59 UTC</createdTime>
<generatorID>4B3A2713-0A9A-5FE0-3626-5052D881EB43</generatorID>
<ownerDesignName>EstructuraPrecios</ownerDesignName>
<pk>true</pk>
<indexState>Primary Constraint</indexState>
<isSurrogateKey>false</isSurrogateKey>
<indexColumnUsage>
<colUsage columnID="3F802053-38F6-0ACF-9E18-EF8D7D44DF8E"/>
</indexColumnUsage>
</ind_PK_UK>
</indexes>
</Table>