<?xml version = '1.0' encoding = 'UTF-8'?>
<FKIndexAssociation class="oracle.dbtools.crest.model.design.relational.FKIndexAssociation" directorySegmentName="seg_0" id="07D4675D-3122-901B-2D7C-7DDA18B49B00" containerWithKeyObject="2598F284-B848-C08D-30D3-712611895721" localFKIndex="A0D2E393-5E84-03E2-F2C8-297DC0FF3988" name="FK_Ventas_Modelo">
<createdBy>Usuario</createdBy>
<createdTime>2025-01-19 00:26:59 UTC</createdTime>
<generatorID>58392BBD-AE26-A0B3-FB81-F7E511283F6E</generatorID>
<ownerDesignName>EstructuraPrecios</ownerDesignName>
<referredTableLongName>Tabla_Modelo</referredTableLongName>
<deleteRule>CASCADE</deleteRule>
<referredTableID>4EFFA3A4-A57E-6E56-E649-B47525FADCEC</referredTableID>
<keyObject>BDDD5A20-0B43-5063-8B4E-369848E147D8</keyObject>
<referredKeyID>BDDD5A20-0B43-5063-8B4E-369848E147D8</referredKeyID>
<mandatory>true</mandatory>
<refColNames>ModeloID</refColNames>
<transferable>true</transferable>
<rely>false</rely>
<columnDependencyConstraintGenerateInDDL>true</columnDependencyConstraintGenerateInDDL>
</FKIndexAssociation>