<?xml version = '1.0' encoding = 'UTF-8'?>
<FKIndexAssociation class="oracle.dbtools.crest.model.design.relational.FKIndexAssociation" directorySegmentName="seg_0" id="20E615DE-5C6C-72E2-63F2-3BD9C73F0BC9" containerWithKeyObject="30696454-888F-9FF5-62DB-045B11FE36CC" localFKIndex="70ED32C0-1D91-F1B4-2C31-7022EA95E1D5" name="FK_Capacidad_Sala">
<createdBy>Usuario</createdBy>
<createdTime>2025-01-19 00:26:59 UTC</createdTime>
<generatorID>41A3DF03-0872-18C6-9144-B60EDA64B47A</generatorID>
<ownerDesignName>EstructuraPrecios</ownerDesignName>
<referredTableLongName>Tabla_Sala</referredTableLongName>
<deleteRule>CASCADE</deleteRule>
<referredTableID>27E80757-3A6C-CCF7-3B20-20E6C402C61C</referredTableID>
<keyObject>5AC56046-114C-5ABC-AD8C-9F739F17F595</keyObject>
<referredKeyID>5AC56046-114C-5ABC-AD8C-9F739F17F595</referredKeyID>
<mandatory>true</mandatory>
<refColNames>SalaID</refColNames>
<transferable>true</transferable>
<rely>false</rely>
<columnDependencyConstraintGenerateInDDL>true</columnDependencyConstraintGenerateInDDL>
</FKIndexAssociation>