<?xml version = '1.0' encoding = 'UTF-8'?>
<FKIndexAssociation class="oracle.dbtools.crest.model.design.relational.FKIndexAssociation" directorySegmentName="seg_0" id="3809CCAF-29E1-365F-7414-7E96F75CE7E6" containerWithKeyObject="2598F284-B848-C08D-30D3-712611895721" localFKIndex="EAC2F9F7-C609-5E76-0CA4-0831E433B788" name="FK_Ventas_CategoriaCliente">
<createdBy>Usuario</createdBy>
<createdTime>2025-01-19 00:26:59 UTC</createdTime>
<generatorID>B279DC3E-1E82-AF6D-9061-9B994BF1F932</generatorID>
<ownerDesignName>EstructuraPrecios</ownerDesignName>
<referredTableLongName>Tabla_Categoria_Cliente</referredTableLongName>
<deleteRule>CASCADE</deleteRule>
<referredTableID>8BF32944-AD1B-005E-3BE2-04A02C9C1345</referredTableID>
<keyObject>FA7BA363-6DFB-088C-D96D-E4BC3F556C87</keyObject>
<referredKeyID>FA7BA363-6DFB-088C-D96D-E4BC3F556C87</referredKeyID>
<mandatory>true</mandatory>
<refColNames>CategoriaClienteID</refColNames>
<transferable>true</transferable>
<rely>false</rely>
<columnDependencyConstraintGenerateInDDL>true</columnDependencyConstraintGenerateInDDL>
</FKIndexAssociation>