<?xml version = '1.0' encoding = 'UTF-8'?>
<FKIndexAssociation class="oracle.dbtools.crest.model.design.relational.FKIndexAssociation" directorySegmentName="seg_0" id="3C118BBD-E4B1-0C8B-BC8E-BF2CD51FA797" containerWithKeyObject="2598F284-B848-C08D-30D3-712611895721" localFKIndex="4B6E4D68-ADD9-7CFD-E487-6B9C4F098682" name="FK_Ventas_Funcion">
<createdBy>Usuario</createdBy>
<createdTime>2025-01-19 00:26:59 UTC</createdTime>
<generatorID>DAAE7328-2BC2-B754-36FF-91B6904753F5</generatorID>
<ownerDesignName>EstructuraPrecios</ownerDesignName>
<referredTableLongName>Tabla_Funcion</referredTableLongName>
<deleteRule>CASCADE</deleteRule>
<referredTableID>4398FBDF-708E-02C8-A0F2-BEC493057B85</referredTableID>
<keyObject>0C10B931-AD06-5F7C-D560-A117F9216B15</keyObject>
<referredKeyID>0C10B931-AD06-5F7C-D560-A117F9216B15</referredKeyID>
<mandatory>true</mandatory>
<refColNames>TipoFuncionID</refColNames>
<transferable>true</transferable>
<rely>false</rely>
<columnDependencyConstraintGenerateInDDL>true</columnDependencyConstraintGenerateInDDL>
</FKIndexAssociation>