<?xml version = '1.0' encoding = 'UTF-8'?>
<FKIndexAssociation class="oracle.dbtools.crest.model.design.relational.FKIndexAssociation" directorySegmentName="seg_0" id="504C2AF6-90AD-0C56-DE7B-BCE43FC9B151" containerWithKeyObject="2598F284-B848-C08D-30D3-712611895721" localFKIndex="719C3827-C4EA-3902-2527-6CEB3397DF94" name="FK_Ventas_TipoEntrada">
<createdBy>Usuario</createdBy>
<createdTime>2025-01-19 00:26:59 UTC</createdTime>
<generatorID>69F48F42-9516-9224-628A-277145748A86</generatorID>
<ownerDesignName>EstructuraPrecios</ownerDesignName>
<referredTableLongName>Tabla_Tipo_Entrada</referredTableLongName>
<deleteRule>CASCADE</deleteRule>
<referredTableID>D99CF7D6-CAAD-09CE-CF4F-0150508D0946</referredTableID>
<keyObject>DFC85912-914B-4082-761A-64FC671A9B8A</keyObject>
<referredKeyID>DFC85912-914B-4082-761A-64FC671A9B8A</referredKeyID>
<mandatory>true</mandatory>
<refColNames>TipoEntradaID</refColNames>
<transferable>true</transferable>
<rely>false</rely>
<columnDependencyConstraintGenerateInDDL>true</columnDependencyConstraintGenerateInDDL>
</FKIndexAssociation>