<?xml version = '1.0' encoding = 'UTF-8'?>
<FKIndexAssociation class="oracle.dbtools.crest.model.design.relational.FKIndexAssociation" directorySegmentName="seg_0" id="5B1FBA27-8F1B-1D8B-7B7A-B5CB5B3BA7B7" containerWithKeyObject="30696454-888F-9FF5-62DB-045B11FE36CC" localFKIndex="27E20F1A-57BC-3CBC-2B3E-DB4E44182D91" name="FK_Capacidad_FuncionDia">
<createdBy>Usuario</createdBy>
<createdTime>2025-01-19 00:26:59 UTC</createdTime>
<generatorID>8D361C7C-FC98-0FF0-A05B-444ED76A1477</generatorID>
<ownerDesignName>EstructuraPrecios</ownerDesignName>
<referredTableLongName>Tabla_Funcion_Dia</referredTableLongName>
<deleteRule>CASCADE</deleteRule>
<referredTableID>4C8A7817-FBAD-E632-73DF-911692F34609</referredTableID>
<keyObject>4A93ABAE-3303-2EA3-CD71-ADD120E63009</keyObject>
<referredKeyID>4A93ABAE-3303-2EA3-CD71-ADD120E63009</referredKeyID>
<mandatory>true</mandatory>
<refColNames>FuncionDiaID</refColNames>
<transferable>true</transferable>
<rely>false</rely>
<columnDependencyConstraintGenerateInDDL>true</columnDependencyConstraintGenerateInDDL>
</FKIndexAssociation>