<?xml version = '1.0' encoding = 'UTF-8'?>
<FKIndexAssociation class="oracle.dbtools.crest.model.design.relational.FKIndexAssociation" directorySegmentName="seg_0" id="9784F832-8757-DCA2-CBC2-784FE77ED81F" containerWithKeyObject="7B6924C1-353F-1BCA-CE50-2C654EFF74A3" localFKIndex="2208C619-E3BC-325B-4915-C88A89DC61F4" name="FK_FactorCompra_Factor">
<createdBy>Usuario</createdBy>
<createdTime>2025-01-19 00:26:59 UTC</createdTime>
<generatorID>5351D7FF-771E-9FB7-E494-96BD7768DAA5</generatorID>
<ownerDesignName>EstructuraPrecios</ownerDesignName>
<referredTableLongName>Tabla_Factor</referredTableLongName>
<deleteRule>CASCADE</deleteRule>
<referredTableID>8B1FE0EE-9F5E-0786-76C6-4AEA9A9A104C</referredTableID>
<keyObject>CCF5EE2C-8992-3953-2CA8-64535FECE61E</keyObject>
<referredKeyID>CCF5EE2C-8992-3953-2CA8-64535FECE61E</referredKeyID>
<mandatory>true</mandatory>
<refColNames>FactorID</refColNames>
<transferable>true</transferable>
<rely>false</rely>
<columnDependencyConstraintGenerateInDDL>true</columnDependencyConstraintGenerateInDDL>
</FKIndexAssociation>