<?xml version = '1.0' encoding = 'UTF-8'?>
<FKIndexAssociation class="oracle.dbtools.crest.model.design.relational.FKIndexAssociation" directorySegmentName="seg_0" id="A1BBA24D-7E58-8E91-7CDB-472D3FBD0C55" containerWithKeyObject="2598F284-B848-C08D-30D3-712611895721" localFKIndex="F2630C2A-6B95-AB3E-05D9-21DAE8987E23" name="FK_Ventas_FactorCompra">
<createdBy>Usuario</createdBy>
<createdTime>2025-01-19 00:26:59 UTC</createdTime>
<generatorID>7F804462-71B0-55C2-41BB-A5744490638D</generatorID>
<ownerDesignName>EstructuraPrecios</ownerDesignName>
<referredTableLongName>Tabla_Factor_Compra</referredTableLongName>
<deleteRule>CASCADE</deleteRule>
<referredTableID>7B6924C1-353F-1BCA-CE50-2C654EFF74A3</referredTableID>
<keyObject>2077A535-590F-C66D-8F63-76CED88AB7B2</keyObject>
<referredKeyID>2077A535-590F-C66D-8F63-76CED88AB7B2</referredKeyID>
<mandatory>true</mandatory>
<refColNames>FactorCompraID</refColNames>
<transferable>true</transferable>
<rely>false</rely>
<columnDependencyConstraintGenerateInDDL>true</columnDependencyConstraintGenerateInDDL>
</FKIndexAssociation>