<?xml version = '1.0' encoding = 'UTF-8'?>
<FKIndexAssociation class="oracle.dbtools.crest.model.design.relational.FKIndexAssociation" directorySegmentName="seg_0" id="A6DE6BBB-E547-D88C-6442-EC54855A25D3" containerWithKeyObject="2598F284-B848-C08D-30D3-712611895721" localFKIndex="45D95FB2-0161-D069-B667-E557412CC4F4" name="FK_Ventas_TipoTarifa">
<createdBy>Usuario</createdBy>
<createdTime>2025-01-19 00:26:59 UTC</createdTime>
<generatorID>822C73D1-89F4-5016-87B3-F93D3B0EC7E7</generatorID>
<ownerDesignName>EstructuraPrecios</ownerDesignName>
<referredTableLongName>Tabla_Tipo_Tarifa</referredTableLongName>
<deleteRule>CASCADE</deleteRule>
<referredTableID>F69E3B9F-64F2-6F6C-1A83-49786870371D</referredTableID>
<keyObject>7F506E2D-B8F4-281C-E9F7-5D846E174F2F</keyObject>
<referredKeyID>7F506E2D-B8F4-281C-E9F7-5D846E174F2F</referredKeyID>
<mandatory>true</mandatory>
<refColNames>TarifaID</refColNames>
<transferable>true</transferable>
<rely>false</rely>
<columnDependencyConstraintGenerateInDDL>true</columnDependencyConstraintGenerateInDDL>
</FKIndexAssociation>