<?xml version = '1.0' encoding = 'UTF-8'?>
<FKIndexAssociation class="oracle.dbtools.crest.model.design.relational.FKIndexAssociation" directorySegmentName="seg_0" id="B746D9C9-C45A-9E0D-CFAE-CF9463EA258E" containerWithKeyObject="27E80757-3A6C-CCF7-3B20-20E6C402C61C" localFKIndex="D38B547C-D412-1112-F061-EBB9D8DF0119" name="FK_Sala_CapacidadSala">
<createdBy>Usuario</createdBy>
<createdTime>2025-01-19 00:26:59 UTC</createdTime>
<generatorID>E26FBC3A-3DD5-2110-3ADD-AF2D1FC2B608</generatorID>
<ownerDesignName>EstructuraPrecios</ownerDesignName>
<referredTableLongName>Tabla_Capacidad_Sala</referredTableLongName>
<deleteRule>CASCADE</deleteRule>
<referredTableID>7C7E8D9D-948A-06B7-C5A6-6135375DBEFF</referredTableID>
<keyObject>3D427603-78A1-9F1B-88BE-0A9D6E7D8B9E</keyObject>
<referredKeyID>3D427603-78A1-9F1B-88BE-0A9D6E7D8B9E</referredKeyID>
<mandatory>true</mandatory>
<refColNames>CapacidadSalaID</refColNames>
<transferable>true</transferable>
<rely>false</rely>
<columnDependencyConstraintGenerateInDDL>true</columnDependencyConstraintGenerateInDDL>
</FKIndexAssociation>