<?xml version = '1.0' encoding = 'UTF-8'?>
<FKIndexAssociation class="oracle.dbtools.crest.model.design.relational.FKIndexAssociation" directorySegmentName="seg_0" id="C54BDE65-7818-711D-E027-EC9E3D2D0E09" containerWithKeyObject="2598F284-B848-C08D-30D3-712611895721" localFKIndex="1FBF9120-A4E2-C1CA-8338-99327267AD7F" name="FK_Ventas_Capacidad">
<createdBy>Usuario</createdBy>
<createdTime>2025-01-19 00:26:59 UTC</createdTime>
<generatorID>A5ED9040-DC8D-0246-7944-72AD30D68886</generatorID>
<ownerDesignName>EstructuraPrecios</ownerDesignName>
<referredTableLongName>Tabla_Capacidad</referredTableLongName>
<deleteRule>CASCADE</deleteRule>
<referredTableID>30696454-888F-9FF5-62DB-045B11FE36CC</referredTableID>
<keyObject>3DBFACF8-96BE-0696-BA8B-50E54E29C095</keyObject>
<referredKeyID>3DBFACF8-96BE-0696-BA8B-50E54E29C095</referredKeyID>
<mandatory>true</mandatory>
<refColNames>CapacidadID</refColNames>
<transferable>true</transferable>
<rely>false</rely>
<columnDependencyConstraintGenerateInDDL>true</columnDependencyConstraintGenerateInDDL>
</FKIndexAssociation>