<?xml version = '1.0' encoding = 'UTF-8'?>
<FKIndexAssociation class="oracle.dbtools.crest.model.design.relational.FKIndexAssociation" directorySegmentName="seg_0" id="D000FA8F-23C1-E006-8EF0-973133A273B6" containerWithKeyObject="7C7E8D9D-948A-06B7-C5A6-6135375DBEFF" localFKIndex="F3745F72-74E4-395C-6C52-E3B34706CE55" name="FK_CapacidadSala_Empresa">
<createdBy>Usuario</createdBy>
<createdTime>2025-01-19 00:26:59 UTC</createdTime>
<generatorID>D825EDCD-B0C8-6352-79A2-8177FA8FAD41</generatorID>
<ownerDesignName>EstructuraPrecios</ownerDesignName>
<referredTableLongName>Tabla_Empresa</referredTableLongName>
<deleteRule>CASCADE</deleteRule>
<referredTableID>C6798E0D-B067-D05A-6198-B5EDDC151E1C</referredTableID>
<keyObject>5C0EF6A3-E6B7-5820-01AE-D71911B7E7C0</keyObject>
<referredKeyID>5C0EF6A3-E6B7-5820-01AE-D71911B7E7C0</referredKeyID>
<mandatory>true</mandatory>
<refColNames>EmpresaID</refColNames>
<transferable>true</transferable>
<rely>false</rely>
<columnDependencyConstraintGenerateInDDL>true</columnDependencyConstraintGenerateInDDL>
</FKIndexAssociation>